date,weekday,CO,O3,NO2,SO2,PM10,PM2.5,AQI,clean,acceptable,unhealthy_for_the_sensitive,unhealthy,very_unhealthy,hazardous
8/9/2016,Tuesday,46,62,84,20,60,82,82,,1,,,,
8/10/2016,Wednesday,52,63,84,22,63,92,92,,1,,,,
8/11/2016,Thursday,46,67,88,20,67,90,90,,1,,,,
8/12/2016,Friday,48,67,80,18,63,85,85,,1,,,,
8/13/2016,Saturday,43,55,83,18,58,85,85,,1,,,,
8/14/2016,Sunday,42,43,80,20,61,87,87,,1,,,,
8/15/2016,Monday,51,50,80,21,67,95,95,,1,,,,
8/16/2016,Tuesday,32,48,76,18,65,94,94,,1,,,,
8/17/2016,Wednesday,38,44,77,20,60,83,83,,1,,,,
8/18/2016,Thursday,40,48,75,21,63,83,83,,1,,,,
8/19/2016,Friday,44,46,71,19,62,85,85,,1,,,,
8/20/2016,Saturday,49,57,72,20,54,81,81,,1,,,,
8/21/2016,Sunday,41,53,86,20,63,93,93,,1,,,,
8/22/2016,Monday,33,55,80,19,64,89,89,,1,,,,
8/23/2016,Tuesday,34,56,80,20,63,87,87,,1,,,,
8/24/2016,Wednesday,39,56,80,20,60,85,85,,1,,,,
8/25/2016,Thursday,43,60,81,20,68,93,93,,1,,,,
8/26/2016,Friday,48,61,78,20,64,90,90,,1,,,,
8/27/2016,Saturday,51,67,81,22,63,88,88,,1,,,,
8/28/2016,Sunday,42,69,74,21,69,94,94,,1,,,,
8/29/2016,Monday,49,48,86,22,76,99,99,,1,,,,
8/30/2016,Tuesday,45,37,81,21,73,96,96,,1,,,,
8/31/2016,Wednesday,47,46,81,22,71,98,98,,1,,,,
9/1/2016,Thursday,41,47,76,23,79,101,101,,,1,,,
9/2/2016,Friday,30,41,70,20,70,92,92,,1,,,,
9/3/2016,Saturday,34,48,63,17,114,124,124,,,1,,,
9/4/2016,Sunday,46,50,72,22,80,107,107,,,1,,,
9/5/2016,Monday,53,43,75,19,79,103,103,,,1,,,
9/6/2016,Tuesday,45,43,71,22,67,85,85,,1,,,,
9/7/2016,Wednesday,48,57,88,27,75,103,103,,,1,,,
9/8/2016,Thursday,32,44,57,18,123,119,123,,,1,,,
9/9/2016,Friday,30,38,61,18,75,84,84,,1,,,,
9/10/2016,Saturday,41,46,67,22,60,78,78,,1,,,,
9/11/2016,Sunday,36,60,71,22,72,98,98,,1,,,,
9/12/2016,Monday,47,55,72,20,78,94,94,,1,,,,
9/13/2016,Tuesday,36,51,63,20,69,86,86,,1,,,,
9/14/2016,Wednesday,38,43,63,22,67,86,86,,1,,,,
9/15/2016,Thursday,50,48,70,25,72,94,94,,1,,,,
9/16/2016,Friday,33,32,58,12,84,89,89,,1,,,,
9/17/2016,Saturday,45,31,63,22,67,89,89,,1,,,,
9/18/2016,Sunday,43,34,58,22,62,88,88,,1,,,,
9/19/2016,Monday,37,34,64,20,51,65,65,,1,,,,
9/20/2016,Tuesday,54,47,76,22,57,80,80,,1,,,,
9/21/2016,Wednesday,48,68,83,23,60,85,85,,1,,,,
9/22/2016,Thursday,51,40,80,22,62,84,84,,1,,,,
9/23/2016,Friday,62,38,76,20,59,75,75,,1,,,,
9/24/2016,Saturday,61,41,78,18,60,82,82,,1,,,,
9/25/2016,Sunday,45,38,78,18,69,91,91,,1,,,,
9/26/2016,Monday,54,39,78,19,64,80,80,,1,,,,
9/27/2016,Tuesday,52,38,78,20,58,81,81,,1,,,,
9/28/2016,Wednesday,53,32,78,21,84,110,110,,,1,,,
9/29/2016,Thursday,53,32,72,17,80,98,98,,1,,,,
9/30/2016,Friday,35,28,53,15,122,106,122,,,1,,,
10/1/2016,Saturday,33,38,62,20,60,76,76,,1,,,,
10/2/2016,Sunday,32,32,55,21,67,76,76,,1,,,,
10/3/2016,Monday,36,26,71,22,61,77,77,,1,,,,
10/4/2016,Tuesday,50,36,74,22,68,95,95,,1,,,,
10/5/2016,Wednesday,47,40,72,20,72,97,97,,1,,,,
10/6/2016,Thursday,51,39,81,20,73,94,94,,1,,,,
10/7/2016,Friday,62,34,77,21,70,91,91,,1,,,,
10/8/2016,Saturday,54,42,78,20,66,92,92,,1,,,,
10/9/2016,Sunday,58,48,84,23,70,95,95,,1,,,,
10/10/2016,Monday,57,44,78,21,61,83,83,,1,,,,
10/11/2016,Tuesday,48,37,72,21,59,75,75,,1,,,,
10/12/2016,Wednesday,47,44,67,20,53,71,71,,1,,,,
10/13/2016,Thursday,56,50,70,24,53,71,71,,1,,,,
10/14/2016,Friday,46,48,72,22,65,87,87,,1,,,,
10/15/2016,Saturday,48,41,69,23,60,80,80,,1,,,,
10/16/2016,Sunday,47,23,66,23,77,96,96,,1,,,,
10/17/2016,Monday,46,29,65,22,69,90,90,,1,,,,
10/18/2016,Tuesday,46,36,64,24,76,97,97,,1,,,,
10/19/2016,Wednesday,37,20,65,23,77,95,95,,1,,,,
10/20/2016,Thursday,42,30,69,24,76,96,96,,1,,,,
10/21/2016,Friday,43,41,63,22,70,94,94,,1,,,,
10/22/2016,Saturday,37,42,55,21,63,80,80,,1,,,,
10/23/2016,Sunday,42,35,59,24,58,83,83,,1,,,,
10/24/2016,Monday,40,37,63,24,63,85,85,,1,,,,
10/25/2016,Tuesday,39,40,64,23,57,78,78,,1,,,,
10/26/2016,Wednesday,32,30,56,22,46,65,65,,1,,,,
10/27/2016,Thursday,41,24,75,25,66,85,85,,1,,,,
10/28/2016,Friday,80,28,76,27,77,110,110,,,1,,,
10/29/2016,Saturday,53,38,73,28,78,116,116,,,1,,,
10/30/2016,Sunday,46,31,72,25,75,116,116,,,1,,,
10/31/2016,Monday,59,37,73,24,77,110,110,,,1,,,
11/1/2016,Tuesday,45,30,54,19,67,89,89,,1,,,,
11/2/2016,Wednesday,38,34,57,21,73,99,99,,1,,,,
11/3/2016,Thursday,29,29,48,16,64,69,69,,1,,,,
11/4/2016,Friday,46,24,61,20,60,86,86,,1,,,,
11/5/2016,Saturday,52,26,83,25,72,106,106,,,1,,,
11/6/2016,Sunday,38,28,80,21,65,99,99,,1,,,,
11/7/2016,Monday,32,29,56,19,44,66,66,,1,,,,
11/8/2016,Tuesday,35,26,62,19,43,70,70,,1,,,,
11/9/2016,Wednesday,45,26,76,20,63,107,107,,,1,,,
11/10/2016,Thursday,50,26,85,22,75,123,123,,,1,,,
11/11/2016,Friday,60,30,88,26,74,120,120,,,1,,,
11/12/2016,Saturday,65,32,88,28,79,136,136,,,1,,,
11/13/2016,Sunday,72,34,104,27,98,156,156,,,,1,,
11/14/2016,Monday,64,36,100,31,97,155,155,,,,1,,
11/15/2016,Tuesday,59,27,103,29,94,146,146,,,1,,,
11/16/2016,Wednesday,67,26,96,33,107,154,154,,,,1,,
11/17/2016,Thursday,54,35,96,30,128,140,140,,,1,,,
11/18/2016,Friday,60,20,90,28,87,124,124,,,1,,,
11/19/2016,Saturday,48,23,79,24,69,102,102,,,1,,,
11/20/2016,Sunday,32,19,56,18,62,70,70,,1,,,,
11/21/2016,Monday,31,18,48,17,28,50,50,1,,,,,
11/22/2016,Tuesday,32,22,46,19,31,53,53,,1,,,,
11/23/2016,Wednesday,38,23,49,23,34,54,54,,1,,,,
11/24/2016,Thursday,31,22,50,19,38,49,49,1,,,,,
11/25/2016,Friday,30,19,49,20,46,70,70,,1,,,,
11/26/2016,Saturday,38,22,67,29,55,94,94,,1,,,,
11/27/2016,Sunday,40,17,71,36,69,126,126,,,1,,,
11/28/2016,Monday,42,13,81,39,76,126,126,,,1,,,
11/29/2016,Tuesday,63,19,91,30,77,139,139,,,1,,,
11/30/2016,Wednesday,69,14,103,35,94,152,152,,,,1,,
12/1/2016,Thursday,54,19,98,40,91,151,151,,,,1,,
12/2/2016,Friday,54,13,87,27,74,126,126,,,1,,,
12/3/2016,Saturday,60,15,77,20,42,75,75,,1,,,,
12/4/2016,Sunday,52,26,74,21,47,64,64,,1,,,,
12/5/2016,Monday,61,21,88,25,63,99,99,,1,,,,
12/6/2016,Tuesday,40,14,94,26,63,108,108,,,1,,,
12/7/2016,Wednesday,45,19,77,19,52,83,83,,1,,,,
12/8/2016,Thursday,58,13,95,24,60,106,106,,,1,,,
12/9/2016,Friday,34,15,84,20,46,72,72,,1,,,,
12/10/2016,Saturday,38,19,64,22,43,78,78,,1,,,,
12/11/2016,Sunday,47,16,83,28,74,131,131,,,1,,,
12/12/2016,Monday,37,23,69,19,42,66,66,,1,,,,
12/13/2016,Tuesday,50,16,77,25,59,103,103,,,1,,,
12/14/2016,Wednesday,50,19,83,37,79,135,135,,,1,,,
12/15/2016,Thursday,42,25,86,38,74,122,122,,,1,,,
12/16/2016,Friday,34,21,58,18,42,60,60,,1,,,,
12/17/2016,Saturday,39,28,63,18,33,49,49,1,,,,,
12/18/2016,Sunday,32,33,56,19,30,47,47,1,,,,,
12/19/2016,Monday,37,26,56,22,41,65,65,,1,,,,
12/20/2016,Tuesday,31,17,53,25,42,65,65,,1,,,,
12/21/2016,Wednesday,32,17,64,23,55,100,100,,1,,,,
12/22/2016,Thursday,45,18,79,24,68,126,126,,,1,,,
12/23/2016,Friday,50,15,85,29,87,153,153,,,,1,,
12/24/2016,Saturday,43,16,84,30,86,154,154,,,,1,,
12/25/2016,Sunday,37,13,73,27,79,143,143,,,1,,,
12/26/2016,Monday,45,7,63,20,67,138,138,,,1,,,
12/27/2016,Tuesday,69,16,86,21,83,142,142,,,1,,,
12/28/2016,Wednesday,38,14,64,16,43,94,94,,1,,,,
12/29/2016,Thursday,48,11,84,18,51,93,93,,1,,,,
12/30/2016,Friday,50,15,88,22,72,124,124,,,1,,,
12/31/2016,Saturday,42,14,92,27,81,141,141,,,1,,,
1/1/2017,Sunday,50,15,87,28,92,151,151,,,,1,,
1/2/2017,Monday,37,16,77,25,85,142,142,,,1,,,
1/3/2017,Tuesday,28,29,59,15,36,54,54,,1,,,,
1/4/2017,Wednesday,40,21,70,19,46,74,74,,1,,,,
1/5/2017,Thursday,30,28,64,17,34,51,51,,1,,,,
1/6/2017,Friday,43,21,77,20,58,93,93,,1,,,,
1/7/2017,Saturday,51,23,91,34,71,130,130,,,1,,,
1/8/2017,Sunday,51,21,92,35,84,142,142,,,1,,,
1/9/2017,Monday,54,16,93,31,95,159,159,,,,1,,
1/10/2017,Tuesday,38,15,91,24,65,124,124,,,1,,,
1/11/2017,Wednesday,52,20,82,20,69,127,127,,,1,,,
1/12/2017,Thursday,48,16,86,25,76,135,135,,,1,,,
1/13/2017,Friday,37,20,80,20,61,113,113,,,1,,,
1/14/2017,Saturday,33,25,68,22,58,110,110,,,1,,,
1/15/2017,Sunday,36,26,68,19,57,83,83,,1,,,,
1/16/2017,Monday,41,18,69,23,72,119,119,,,1,,,
1/17/2017,Tuesday,47,15,84,22,66,124,124,,,1,,,
1/18/2017,Wednesday,45,21,86,25,68,125,125,,,1,,,
1/19/2017,Thursday,42,22,84,22,73,133,133,,,1,,,
1/20/2017,Friday,38,22,82,23,75,131,131,,,1,,,
1/21/2017,Saturday,30,29,67,19,53,104,104,,,1,,,
1/22/2017,Sunday,35,18,73,17,51,96,96,,1,,,,
1/23/2017,Monday,33,26,68,17,50,91,91,,1,,,,
1/24/2017,Tuesday,34,21,63,18,50,88,88,,1,,,,
1/25/2017,Wednesday,44,19,74,19,57,114,114,,,1,,,
1/26/2017,Thursday,33,17,71,19,54,90,90,,1,,,,
1/27/2017,Friday,42,10,78,25,66,118,118,,,1,,,
1/28/2017,Saturday,34,15,68,15,27,67,67,,1,,,,
1/29/2017,Sunday,28,29,65,17,41,73,73,,1,,,,
1/30/2017,Monday,30,28,63,15,37,55,55,,1,,,,
1/31/2017,Tuesday,37,19,82,22,65,101,101,,,1,,,
2/1/2017,Wednesday,33,19,75,24,62,103,103,,,1,,,
2/2/2017,Thursday,36,21,71,17,60,96,96,,1,,,,
2/3/2017,Friday,32,26,62,14,36,51,51,,1,,,,
2/4/2017,Saturday,39,24,73,20,50,82,82,,1,,,,
2/5/2017,Sunday,43,20,86,27,72,126,126,,,1,,,
2/6/2017,Monday,44,16,85,26,79,134,134,,,1,,,
2/7/2017,Tuesday,35,27,78,20,50,82,82,,1,,,,
2/8/2017,Wednesday,41,26,83,21,58,97,97,,1,,,,
2/9/2017,Thursday,39,30,83,23,65,100,100,,1,,,,
2/10/2017,Friday,31,20,80,18,51,89,89,,1,,,,
2/11/2017,Saturday,32,25,56,17,48,85,85,,1,,,,
2/12/2017,Sunday,27,21,50,16,35,65,65,,1,,,,
2/13/2017,Monday,32,23,66,16,45,82,82,,1,,,,
2/14/2017,Tuesday,48,14,69,18,41,85,85,,1,,,,
2/15/2017,Wednesday,37,24,76,19,58,91,91,,1,,,,
2/16/2017,Thursday,28,33,65,21,40,58,58,,1,,,,
2/17/2017,Friday,28,28,59,16,41,58,58,,1,,,,
2/18/2017,Saturday,31,38,54,16,32,44,44,1,,,,,
2/19/2017,Sunday,32,21,62,20,47,76,76,,1,,,,
2/20/2017,Monday,37,19,80,27,66,111,111,,,1,,,
2/21/2017,Tuesday,45,21,91,28,81,134,134,,,1,,,
2/22/2017,Wednesday,43,23,92,26,69,124,124,,,1,,,
2/23/2017,Thursday,39,33,79,19,59,86,86,,1,,,,
2/24/2017,Friday,39,21,68,19,52,75,75,,1,,,,
2/25/2017,Saturday,45,31,84,21,59,89,89,,1,,,,
2/26/2017,Sunday,39,31,84,22,58,82,82,,1,,,,
2/27/2017,Monday,36,35,81,20,55,78,78,,1,,,,
2/28/2017,Tuesday,42,36,81,23,61,88,88,,1,,,,
3/1/2017,Wednesday,35,35,76,20,57,83,83,,1,,,,
3/2/2017,Thursday,33,31,76,18,60,77,77,,1,,,,
3/3/2017,Friday,32,30,66,19,57,71,71,,1,,,,
3/4/2017,Saturday,39,27,78,17,55,90,90,,1,,,,
3/5/2017,Sunday,26,33,69,17,57,86,86,,1,,,,
3/6/2017,Monday,29,29,55,17,47,66,66,,1,,,,
3/7/2017,Tuesday,34,12,73,20,51,86,86,,1,,,,
3/8/2017,Wednesday,39,28,81,20,62,114,114,,,1,,,
3/9/2017,Thursday,33,33,83,18,51,93,93,,1,,,,
3/10/2017,Friday,31,33,82,20,59,100,100,,1,,,,
3/11/2017,Saturday,32,50,80,18,58,101,101,,,1,,,
3/12/2017,Sunday,26,39,70,16,40,63,63,,1,,,,
3/13/2017,Monday,35,38,79,18,81,93,93,,1,,,,
3/14/2017,Tuesday,28,29,68,20,60,86,86,,1,,,,
3/15/2017,Wednesday,31,30,73,17,62,110,110,,,1,,,
3/16/2017,Thursday,41,38,75,18,54,74,74,,1,,,,
3/17/2017,Friday,28,43,62,15,60,72,72,,1,,,,
3/18/2017,Saturday,26,41,60,18,52,61,61,,1,,,,
3/19/2017,Sunday,41,33,67,19,50,56,56,,1,,,,
3/20/2017,Monday,22,34,51,15,42,50,50,1,,,,,
3/21/2017,Tuesday,26,38,47,13,37,52,52,,1,,,,
3/22/2017,Wednesday,22,38,47,14,21,34,38,1,,,,,
3/23/2017,Thursday,22,39,51,14,19,36,39,1,,,,,
3/24/2017,Friday,35,24,57,13,19,38,38,1,,,,,
3/25/2017,Saturday,31,25,56,17,21,39,39,1,,,,,
3/26/2017,Sunday,28,26,59,14,25,58,58,,1,,,,
3/27/2017,Monday,33,48,68,19,41,67,67,,1,,,,
3/28/2017,Tuesday,28,47,71,19,38,59,59,,1,,,,
3/29/2017,Wednesday,31,46,65,19,29,49,49,1,,,,,
3/30/2017,Thursday,30,44,62,18,31,44,44,1,,,,,
3/31/2017,Friday,28,49,62,17,36,49,49,1,,,,,
4/1/2017,Saturday,22,55,61,14,38,66,66,,1,,,,
4/2/2017,Sunday,27,55,61,15,28,50,55,,1,,,,
4/3/2017,Monday,26,38,54,19,27,50,50,1,,,,,
4/4/2017,Tuesday,30,25,54,19,30,54,54,,1,,,,
4/5/2017,Wednesday,37,26,74,19,44,71,71,,1,,,,
4/6/2017,Thursday,31,42,73,20,43,67,67,,1,,,,
4/7/2017,Friday,36,53,76,20,47,68,68,,1,,,,
4/8/2017,Saturday,34,61,78,18,49,72,72,,1,,,,
4/9/2017,Sunday,31,51,70,19,60,73,73,,1,,,,
4/10/2017,Monday,31,48,63,16,76,92,92,,1,,,,
4/11/2017,Tuesday,43,31,76,21,81,114,114,,,1,,,
4/12/2017,Wednesday,29,37,54,17,61,85,85,,1,,,,
4/13/2017,Thursday,49,26,68,18,63,101,101,,,1,,,
4/14/2017,Friday,35,41,68,19,74,103,103,,,1,,,
4/15/2017,Saturday,42,33,72,19,77,103,103,,,1,,,
4/16/2017,Sunday,25,43,63,15,52,56,56,,1,,,,
4/17/2017,Monday,31,46,63,16,36,51,51,,1,,,,
4/18/2017,Tuesday,34,58,69,18,47,65,65,,1,,,,
4/19/2017,Wednesday,32,47,64,19,57,67,67,,1,,,,
4/20/2017,Thursday,26,41,54,14,39,47,47,1,,,,,
4/21/2017,Friday,32,50,63,15,44,55,55,,1,,,,
4/22/2017,Saturday,32,62,64,19,42,55,62,,1,,,,
4/23/2017,Sunday,36,59,74,19,58,73,73,,1,,,,
4/24/2017,Monday,30,39,59,14,62,68,68,,1,,,,
4/25/2017,Tuesday,27,45,50,16,71,73,73,,1,,,,
4/26/2017,Wednesday,28,47,62,15,53,75,75,,1,,,,
4/27/2017,Thursday,29,36,64,14,57,71,71,,1,,,,
4/28/2017,Friday,24,43,55,13,45,51,51,,1,,,,
4/29/2017,Saturday,24,45,46,16,51,61,61,,1,,,,
4/30/2017,Sunday,24,43,49,18,40,54,54,,1,,,,
5/1/2017,Monday,27,60,61,18,59,85,85,,1,,,,
5/2/2017,Tuesday,31,53,60,16,60,92,92,,1,,,,
5/3/2017,Wednesday,28,61,63,16,62,94,94,,1,,,,
5/4/2017,Thursday,29,38,54,16,48,75,75,,1,,,,
5/5/2017,Friday,39,35,58,16,53,82,82,,1,,,,
5/6/2017,Saturday,25,44,54,15,35,62,62,,1,,,,
5/7/2017,Sunday,40,45,66,18,56,90,90,,1,,,,
5/8/2017,Monday,32,50,57,17,48,68,68,,1,,,,
5/9/2017,Tuesday,40,56,66,19,51,76,76,,1,,,,
5/10/2017,Wednesday,41,47,64,15,44,61,61,,1,,,,
5/11/2017,Thursday,38,46,63,14,45,64,64,,1,,,,
5/12/2017,Friday,37,60,70,16,49,68,68,,1,,,,
5/13/2017,Saturday,26,49,57,11,41,55,55,,1,,,,
5/14/2017,Sunday,33,55,66,13,57,82,82,,1,,,,
5/15/2017,Monday,33,53,62,13,52,73,73,,1,,,,
5/16/2017,Tuesday,43,51,71,14,69,103,103,,,1,,,
5/17/2017,Wednesday,36,37,70,11,95,125,125,,,1,,,
5/18/2017,Thursday,34,41,60,13,63,77,77,,1,,,,
5/19/2017,Friday,41,58,75,13,75,98,98,,1,,,,
5/20/2017,Saturday,37,60,64,11,56,75,75,,1,,,,
5/21/2017,Sunday,32,41,56,9,70,88,88,,1,,,,
5/22/2017,Monday,26,40,49,8,70,88,88,,1,,,,
5/23/2017,Tuesday,39,47,65,9,53,78,78,,1,,,,
5/24/2017,Wednesday,43,52,71,10,45,69,69,,1,,,,
5/25/2017,Thursday,31,42,67,9,92,115,115,,,1,,,
5/26/2017,Friday,49,50,62,10,59,88,88,,1,,,,
5/27/2017,Saturday,40,50,65,9,42,66,66,,1,,,,
5/28/2017,Sunday,41,39,74,10,91,124,124,,,1,,,
5/29/2017,Monday,36,42,70,9,57,75,75,,1,,,,
5/30/2017,Tuesday,32,49,65,9,66,85,85,,1,,,,
5/31/2017,Wednesday,40,59,80,11,64,98,98,,1,,,,
6/1/2017,Thursday,43,61,76,11,61,81,81,,1,,,,
6/2/2017,Friday,37,60,69,10,55,60,60,,1,,,,
6/3/2017,Saturday,28,64,58,9,57,67,67,,1,,,,
6/4/2017,Sunday,29,58,53,11,58,74,74,,1,,,,
6/5/2017,Monday,33,66,58,12,51,67,67,,1,,,,
6/6/2017,Tuesday,32,62,62,12,47,62,62,,1,,,,
6/7/2017,Wednesday,30,48,58,12,49,60,60,,1,,,,
6/8/2017,Thursday,40,58,65,12,52,66,66,,1,,,,
6/9/2017,Friday,45,64,72,12,57,85,85,,1,,,,
6/10/2017,Saturday,35,82,64,11,56,73,82,,1,,,,
6/11/2017,Sunday,48,70,64,13,59,85,85,,1,,,,
6/12/2017,Monday,51,71,81,12,64,94,94,,1,,,,
6/13/2017,Tuesday,50,51,74,10,56,74,74,,1,,,,
6/14/2017,Wednesday,41,49,65,10,62,82,82,,1,,,,
6/15/2017,Thursday,43,77,80,8,64,91,91,,1,,,,
6/16/2017,Friday,36,52,51,8,71,81,81,,1,,,,
6/17/2017,Saturday,43,42,69,10,52,76,76,,1,,,,
6/18/2017,Sunday,37,44,59,9,65,84,84,,1,,,,
6/19/2017,Monday,42,75,82,11,76,100,100,,1,,,,
6/20/2017,Tuesday,43,62,85,11,73,96,96,,1,,,,
6/21/2017,Wednesday,57,95,89,11,71,108,108,,,1,,,
6/22/2017,Thursday,40,48,77,8,68,79,79,,1,,,,
6/23/2017,Friday,39,51,72,7,60,73,73,,1,,,,
6/24/2017,Saturday,34,63,62,6,59,69,69,,1,,,,
6/25/2017,Sunday,41,91,89,9,68,90,91,,1,,,,
6/26/2017,Monday,35,66,76,8,69,84,84,,1,,,,
6/27/2017,Tuesday,31,89,54,7,64,86,89,,1,,,,
6/28/2017,Wednesday,38,114,67,9,64,94,114,,,1,,,
6/29/2017,Thursday,34,128,73,8,60,95,128,,,1,,,
6/30/2017,Friday,46,83,77,8,58,76,83,,1,,,,
7/1/2017,Saturday,37,78,63,8,74,93,93,,1,,,,
7/2/2017,Sunday,31,70,61,9,86,104,104,,,1,,,
7/3/2017,Monday,34,58,65,9,61,84,84,,1,,,,
7/4/2017,Tuesday,38,59,78,9,63,86,86,,1,,,,
7/5/2017,Wednesday,43,82,82,9,72,94,94,,1,,,,
7/6/2017,Thursday,38,90,81,8,59,81,90,,1,,,,
7/7/2017,Friday,44,54,67,8,69,81,81,,1,,,,
7/8/2017,Saturday,33,52,59,6,68,82,82,,1,,,,
7/9/2017,Sunday,43,53,76,9,83,101,101,,,1,,,
7/10/2017,Monday,44,68,81,9,73,99,99,,1,,,,
7/11/2017,Tuesday,40,38,72,9,73,96,96,,1,,,,
7/12/2017,Wednesday,34,77,80,9,98,102,102,,,1,,,
7/13/2017,Thursday,25,52,59,7,76,89,89,,1,,,,
7/14/2017,Friday,23,64,49,8,49,79,79,,1,,,,
7/15/2017,Saturday,26,91,64,11,51,87,91,,1,,,,
7/16/2017,Sunday,30,94,72,9,53,80,94,,1,,,,
7/17/2017,Monday,30,86,66,13,53,75,86,,1,,,,
7/18/2017,Tuesday,30,94,69,11,54,73,94,,1,,,,
7/19/2017,Wednesday,30,83,73,10,55,71,83,,1,,,,
7/20/2017,Thursday,39,91,76,9,58,73,91,,1,,,,
7/21/2017,Friday,44,98,89,9,54,77,98,,1,,,,
7/22/2017,Saturday,42,113,84,11,55,79,113,,,1,,,
7/23/2017,Sunday,32,99,78,10,59,81,99,,1,,,,
7/24/2017,Monday,44,92,92,11,60,77,92,,1,,,,
7/25/2017,Tuesday,38,70,76,10,56,67,70,,1,,,,
7/26/2017,Wednesday,42,50,79,12,60,73,73,,1,,,,
7/27/2017,Thursday,38,48,79,8,65,77,77,,1,,,,
7/28/2017,Friday,44,56,79,9,63,79,79,,1,,,,
7/29/2017,Saturday,37,61,79,10,59,74,74,,1,,,,
7/30/2017,Sunday,37,76,86,12,66,81,81,,1,,,,
7/31/2017,Monday,32,78,82,12,71,84,84,,1,,,,
8/1/2017,Tuesday,29,108,66,12,61,77,108,,,1,,,
8/2/2017,Wednesday,30,94,76,10,59,71,94,,1,,,,
8/3/2017,Thursday,34,114,78,12,66,87,114,,,1,,,
8/4/2017,Friday,35,99,72,9,65,86,99,,1,,,,
8/5/2017,Saturday,38,85,72,10,61,75,85,,1,,,,
8/6/2017,Sunday,41,85,81,10,63,78,85,,1,,,,
8/7/2017,Monday,38,88,85,12,67,88,88,,1,,,,
8/8/2017,Tuesday,43,77,79,12,69,89,89,,1,,,,
8/9/2017,Wednesday,42,75,85,11,67,80,80,,1,,,,
8/10/2017,Thursday,36,105,87,9,72,88,105,,,1,,,
8/11/2017,Friday,22,71,54,8,69,78,78,,1,,,,
8/12/2017,Saturday,37,88,69,11,61,79,88,,1,,,,
8/13/2017,Sunday,30,56,69,11,63,82,82,,1,,,,
8/14/2017,Monday,50,88,93,14,76,101,101,,,1,,,
8/15/2017,Tuesday,48,65,87,16,73,98,98,,1,,,,
8/16/2017,Wednesday,49,62,83,15,73,93,93,,1,,,,
8/17/2017,Thursday,46,66,77,12,73,93,93,,1,,,,
8/18/2017,Friday,26,55,67,13,88,98,98,,1,,,,
8/19/2017,Saturday,44,62,75,15,78,109,109,,,1,,,
8/20/2017,Sunday,35,50,68,17,71,94,94,,1,,,,
8/21/2017,Monday,30,49,66,11,63,79,79,,1,,,,
8/22/2017,Tuesday,43,68,73,13,65,80,80,,1,,,,
8/23/2017,Wednesday,45,67,69,12,60,77,77,,1,,,,
8/24/2017,Thursday,57,62,87,11,67,81,81,,1,,,,
8/25/2017,Friday,42,86,78,13,66,92,92,,1,,,,
8/26/2017,Saturday,38,88,72,14,71,94,94,,1,,,,
8/27/2017,Sunday,41,62,68,13,64,82,82,,1,,,,
8/28/2017,Monday,38,52,64,12,62,80,80,,1,,,,
8/29/2017,Tuesday,40,47,64,13,61,76,76,,1,,,,
8/30/2017,Wednesday,45,54,72,13,65,82,82,,1,,,,
8/31/2017,Thursday,49,87,82,15,70,95,95,,1,,,,
9/1/2017,Friday,54,114,92,13,73,92,114,,,1,,,
9/2/2017,Saturday,44,81,79,14,62,82,82,,1,,,,
9/3/2017,Sunday,45,62,83,14,69,85,85,,1,,,,
9/4/2017,Monday,42,49,71,15,66,79,79,,1,,,,
9/5/2017,Tuesday,54,39,66,14,67,82,82,,1,,,,
9/6/2017,Wednesday,39,47,77,14,65,79,79,,1,,,,
9/7/2017,Thursday,43,51,74,15,68,84,84,,1,,,,
9/8/2017,Friday,37,59,73,13,75,94,94,,1,,,,
9/9/2017,Saturday,36,72,64,12,79,97,97,,1,,,,
9/10/2017,Sunday,41,62,77,14,81,98,98,,1,,,,
9/11/2017,Monday,37,52,71,15,83,94,94,,1,,,,
9/12/2017,Tuesday,35,36,67,16,74,88,88,,1,,,,
9/13/2017,Wednesday,45,49,76,16,83,98,98,,1,,,,
9/14/2017,Thursday,39,55,85,12,77,87,87,,1,,,,
9/15/2017,Friday,36,76,92,11,69,86,86,,1,,,,
9/16/2017,Saturday,42,59,69,14,64,81,81,,1,,,,
9/17/2017,Sunday,37,67,88,16,68,91,91,,1,,,,
9/18/2017,Monday,33,51,73,17,70,84,84,,1,,,,
9/19/2017,Tuesday,38,50,74,17,72,85,85,,1,,,,
9/20/2017,Wednesday,39,58,85,18,67,83,83,,1,,,,
9/21/2017,Thursday,43,70,86,18,68,84,84,,1,,,,
9/22/2017,Friday,49,59,82,18,67,85,85,,1,,,,
9/23/2017,Saturday,50,56,85,19,68,86,86,,1,,,,
9/24/2017,Sunday,49,46,78,20,71,88,88,,1,,,,
9/25/2017,Monday,51,36,68,18,63,74,74,,1,,,,
9/26/2017,Tuesday,46,37,69,18,74,89,89,,1,,,,
9/27/2017,Wednesday,43,44,72,18,75,99,99,,1,,,,
9/28/2017,Thursday,44,37,78,17,75,91,91,,1,,,,
9/29/2017,Friday,29,32,54,12,89,79,89,,1,,,,
9/30/2017,Saturday,31,43,57,13,67,63,67,,1,,,,
10/1/2017,Sunday,29,38,47,13,47,49,49,1,,,,,
10/2/2017,Monday,46,46,70,14,71,83,83,,1,,,,
10/3/2017,Tuesday,38,33,66,15,66,70,70,,1,,,,
10/4/2017,Wednesday,28,32,61,15,79,71,79,,1,,,,
10/5/2017,Thursday,28,19,53,14,46,70,70,,1,,,,
10/6/2017,Friday,37,22,52,13,54,83,83,,1,,,,
10/7/2017,Saturday,38,42,64,15,66,91,91,,1,,,,
10/8/2017,Sunday,33,47,72,16,68,85,85,,1,,,,
10/9/2017,Monday,46,37,71,17,69,80,80,,1,,,,
10/10/2017,Tuesday,50,43,81,18,75,97,97,,1,,,,
10/11/2017,Wednesday,41,35,68,15,67,82,82,,1,,,,
10/12/2017,Thursday,41,40,68,16,66,79,79,,1,,,,
10/13/2017,Friday,44,40,74,15,68,92,92,,1,,,,
10/14/2017,Saturday,32,38,54,13,51,54,54,,1,,,,
10/15/2017,Sunday,42,37,71,14,73,87,87,,1,,,,
10/16/2017,Monday,36,33,71,13,70,87,87,,1,,,,
10/17/2017,Tuesday,45,36,71,15,70,81,81,,1,,,,
10/18/2017,Wednesday,28,27,51,16,80,70,80,,1,,,,
10/19/2017,Thursday,38,25,61,17,77,87,87,,1,,,,
10/20/2017,Friday,43,25,62,15,59,77,77,,1,,,,
10/21/2017,Saturday,47,33,75,15,56,80,80,,1,,,,
10/22/2017,Sunday,49,36,76,18,63,88,88,,1,,,,
10/23/2017,Monday,55,37,81,20,74,106,106,,,1,,,
10/24/2017,Tuesday,44,29,78,16,73,97,97,,1,,,,
10/25/2017,Wednesday,55,37,80,18,77,102,102,,,1,,,
10/26/2017,Thursday,57,32,85,20,91,114,114,,,1,,,
10/27/2017,Friday,60,41,85,20,86,121,121,,,1,,,
10/28/2017,Saturday,59,41,72,17,89,117,117,,,1,,,
10/29/2017,Sunday,57,31,73,16,86,120,120,,,1,,,
10/30/2017,Monday,60,29,70,17,90,123,123,,,1,,,
10/31/2017,Tuesday,46,26,75,18,86,115,115,,,1,,,
11/1/2017,Wednesday,64,31,81,17,98,112,112,,,1,,,
11/2/2017,Thursday,60,25,62,15,98,110,110,,,1,,,
11/3/2017,Friday,32,23,48,12,151,151,151,,,,1,,
11/4/2017,Saturday,35,22,61,14,117,130,130,,,1,,,
11/5/2017,Sunday,32,23,66,13,97,113,113,,,1,,,
11/6/2017,Monday,42,24,73,15,88,117,117,,,1,,,
11/7/2017,Tuesday,52,32,81,16,93,126,126,,,1,,,
11/8/2017,Wednesday,50,32,78,14,81,115,115,,,1,,,
11/9/2017,Thursday,49,40,76,14,85,110,110,,,1,,,
11/10/2017,Friday,42,31,56,13,69,92,92,,1,,,,
11/11/2017,Saturday,34,28,61,11,65,80,80,,1,,,,
11/12/2017,Sunday,45,20,63,14,76,97,97,,1,,,,
11/13/2017,Monday,33,25,62,11,64,85,85,,1,,,,
11/14/2017,Tuesday,38,27,77,14,67,99,99,,1,,,,
11/15/2017,Wednesday,42,29,74,14,73,111,111,,,1,,,
11/16/2017,Thursday,38,35,67,14,74,113,113,,,1,,,
11/17/2017,Friday,38,29,70,12,67,105,105,,,1,,,
11/18/2017,Saturday,41,35,75,14,61,101,101,,,1,,,
11/19/2017,Sunday,40,29,73,16,66,104,104,,,1,,,
11/20/2017,Monday,53,28,92,16,71,112,112,,,1,,,
11/21/2017,Tuesday,40,22,87,19,83,123,123,,,1,,,
11/22/2017,Wednesday,27,26,57,13,56,78,78,,1,,,,
11/23/2017,Thursday,33,25,53,12,52,84,84,,1,,,,
11/24/2017,Friday,24,23,42,10,36,49,49,1,,,,,
11/25/2017,Saturday,21,26,38,8,27,37,37,1,,,,,
11/26/2017,Sunday,28,23,50,11,51,60,60,,1,,,,
11/27/2017,Monday,35,18,63,13,61,81,81,,1,,,,
11/28/2017,Tuesday,43,18,82,16,70,104,104,,,1,,,
11/29/2017,Wednesday,39,15,72,17,64,97,97,,1,,,,
11/30/2017,Thursday,50,16,88,20,75,120,120,,,1,,,
12/1/2017,Friday,46,16,76,17,70,111,111,,,1,,,
12/2/2017,Saturday,34,17,62,15,55,90,90,,1,,,,
12/3/2017,Sunday,37,23,63,14,63,101,101,,,1,,,
12/4/2017,Monday,43,13,79,15,70,118,118,,,1,,,
12/5/2017,Tuesday,43,15,89,16,83,141,141,,,1,,,
12/6/2017,Wednesday,37,15,86,19,90,144,144,,,1,,,
12/7/2017,Thursday,41,9,82,18,79,123,123,,,1,,,
12/8/2017,Friday,30,19,58,16,57,77,77,,1,,,,
12/9/2017,Saturday,41,18,69,12,40,67,67,,1,,,,
12/10/2017,Sunday,44,13,79,16,64,114,114,,,1,,,
12/11/2017,Monday,45,14,85,19,74,122,122,,,1,,,
12/12/2017,Tuesday,41,14,85,16,65,101,101,,,1,,,
12/13/2017,Wednesday,44,14,76,16,60,95,95,,1,,,,
12/14/2017,Thursday,39,15,75,21,66,112,112,,,1,,,
12/15/2017,Friday,40,18,65,18,68,113,113,,,1,,,
12/16/2017,Saturday,47,20,82,17,67,112,112,,,1,,,
12/17/2017,Sunday,52,14,95,23,87,145,145,,,1,,,
12/18/2017,Monday,55,10,98,19,89,146,146,,,1,,,
12/19/2017,Tuesday,52,14,99,21,92,151,151,,,,1,,
12/20/2017,Wednesday,56,13,106,23,105,158,158,,,,1,,
12/21/2017,Thursday,81,10,103,27,120,172,172,,,,1,,
12/22/2017,Friday,37,16,101,15,64,115,115,,,1,,,
12/23/2017,Saturday,45,26,66,14,55,99,99,,1,,,,
12/24/2017,Sunday,51,14,82,19,67,105,105,,,1,,,
12/25/2017,Monday,66,17,93,22,79,115,115,,,1,,,
12/26/2017,Tuesday,27,25,70,11,54,72,72,,1,,,,
12/27/2017,Wednesday,29,15,58,13,66,93,93,,1,,,,
12/28/2017,Thursday,34,16,63,11,66,87,87,,1,,,,
12/29/2017,Friday,39,13,76,15,71,105,105,,,1,,,
12/30/2017,Saturday,47,17,83,15,73,115,115,,,1,,,
12/31/2017,Sunday,49,12,100,20,94,141,141,,,1,,,
1/1/2018,Monday,46,13,98,20,98,152,152,,,,1,,
1/2/2018,Tuesday,35,20,74,19,79,128,128,,,1,,,
1/3/2018,Wednesday,27,22,50,12,46,65,65,,1,,,,
1/4/2018,Thursday,34,17,71,13,54,79,79,,1,,,,
1/5/2018,Friday,42,13,76,16,76,129,129,,,1,,,
1/6/2018,Saturday,40,21,72,14,67,119,119,,,1,,,
1/7/2018,Sunday,41,9,73,10,56,107,107,,,1,,,
1/8/2018,Monday,39,17,69,13,48,86,86,,1,,,,
1/9/2018,Tuesday,38,16,72,15,61,107,107,,,1,,,
1/10/2018,Wednesday,41,13,78,16,60,109,109,,,1,,,
1/11/2018,Thursday,36,14,75,20,72,131,131,,,1,,,
1/12/2018,Friday,41,19,82,21,71,131,131,,,1,,,
1/13/2018,Saturday,59,20,92,19,74,132,132,,,1,,,
1/14/2018,Sunday,36,23,71,14,55,73,73,,1,,,,
1/15/2018,Monday,41,15,81,18,63,101,101,,,1,,,
1/16/2018,Tuesday,28,27,55,13,55,68,68,,1,,,,
1/17/2018,Wednesday,26,16,49,15,56,90,90,,1,,,,
1/18/2018,Thursday,28,18,54,17,58,104,104,,,1,,,
1/19/2018,Friday,39,23,64,16,59,100,100,,1,,,,
1/20/2018,Saturday,31,26,61,18,58,90,90,,1,,,,
1/21/2018,Sunday,38,22,69,12,54,83,83,,1,,,,
1/22/2018,Monday,44,18,88,15,68,110,110,,,1,,,
1/23/2018,Tuesday,45,11,85,25,86,138,138,,,1,,,
1/24/2018,Wednesday,33,19,76,16,76,113,113,,,1,,,
1/25/2018,Thursday,41,25,66,14,76,104,104,,,1,,,
1/26/2018,Friday,33,32,58,16,75,103,103,,,1,,,
1/27/2018,Saturday,30,26,51,12,60,81,81,,1,,,,
1/28/2018,Sunday,32,12,48,13,30,56,56,,1,,,,
1/29/2018,Monday,30,11,50,18,23,52,52,,1,,,,
1/30/2018,Tuesday,36,19,66,15,56,114,114,,,1,,,
1/31/2018,Wednesday,33,21,65,18,66,136,136,,,1,,,
2/1/2018,Thursday,47,21,93,18,83,145,145,,,1,,,
2/2/2018,Friday,40,20,89,18,78,139,139,,,1,,,
2/3/2018,Saturday,44,25,84,18,72,122,122,,,1,,,
2/4/2018,Sunday,48,23,93,22,94,144,144,,,1,,,
2/5/2018,Monday,50,18,97,20,107,158,158,,,,1,,
2/6/2018,Tuesday,57,14,100,23,127,177,177,,,,1,,
2/7/2018,Wednesday,50,23,95,23,125,175,175,,,,1,,
2/8/2018,Thursday,28,27,82,17,73,115,115,,,1,,,
2/9/2018,Friday,28,22,58,13,65,108,108,,,1,,,
2/10/2018,Saturday,28,28,55,14,67,114,114,,,1,,,
2/11/2018,Sunday,29,27,60,14,68,109,109,,,1,,,
2/12/2018,Monday,40,34,65,14,71,112,112,,,1,,,
2/13/2018,Tuesday,45,11,78,15,68,115,115,,,1,,,
2/14/2018,Wednesday,33,20,57,12,51,87,87,,1,,,,
2/15/2018,Thursday,28,27,58,12,38,46,46,1,,,,,
2/16/2018,Friday,40,19,69,15,75,104,104,,,1,,,
2/17/2018,Saturday,26,18,49,12,46,69,69,,1,,,,
2/18/2018,Sunday,52,8,68,15,69,114,114,,,1,,,
2/19/2018,Monday,40,18,67,11,59,80,80,,1,,,,
2/20/2018,Tuesday,33,24,52,11,53,73,73,,1,,,,
2/21/2018,Wednesday,34,30,63,12,51,80,80,,1,,,,
2/22/2018,Thursday,41,19,67,11,64,102,102,,,1,,,
2/23/2018,Friday,26,26,54,10,43,79,79,,1,,,,
2/24/2018,Saturday,31,28,47,13,41,65,65,,1,,,,
2/25/2018,Sunday,27,20,47,11,23,39,39,1,,,,,
2/26/2018,Monday,30,20,51,13,46,65,65,,1,,,,
2/27/2018,Tuesday,31,25,51,13,45,58,58,,1,,,,
2/28/2018,Wednesday,38,18,64,14,58,90,90,,1,,,,
3/1/2018,Thursday,33,29,67,10,56,82,82,,1,,,,
3/2/2018,Friday,32,30,50,10,42,66,66,,1,,,,
3/3/2018,Saturday,27,35,49,12,44,63,63,,1,,,,
3/4/2018,Sunday,29,30,50,13,57,67,67,,1,,,,
3/5/2018,Monday,30,26,52,12,64,82,82,,1,,,,
3/6/2018,Tuesday,38,29,55,14,67,90,90,,1,,,,
3/7/2018,Wednesday,25,27,45,12,56,72,72,,1,,,,
3/8/2018,Thursday,43,29,61,13,80,111,111,,,1,,,
3/9/2018,Friday,36,31,56,13,73,96,96,,1,,,,
3/10/2018,Saturday,26,33,43,11,76,88,88,,1,,,,
3/11/2018,Sunday,35,34,57,13,74,86,86,,1,,,,
3/12/2018,Monday,30,29,57,15,91,114,114,,,1,,,
3/13/2018,Tuesday,28,36,51,11,53,59,59,,1,,,,
3/14/2018,Wednesday,36,31,57,16,77,143,143,,,1,,,
3/15/2018,Thursday,41,33,70,15,61,97,97,,1,,,,
3/16/2018,Friday,43,30,54,14,66,87,87,,1,,,,
3/17/2018,Saturday,27,37,44,11,53,62,62,,1,,,,
3/18/2018,Sunday,30,30,47,11,43,62,62,,1,,,,
3/19/2018,Monday,34,36,69,14,49,73,73,,1,,,,
3/20/2018,Tuesday,54,41,75,18,56,98,98,,1,,,,
3/21/2018,Wednesday,40,64,71,14,46,83,83,,1,,,,
3/22/2018,Thursday,29,37,48,11,62,73,73,,1,,,,
3/23/2018,Friday,34,45,51,12,31,45,45,1,,,,,
3/24/2018,Saturday,33,37,52,12,77,103,103,,,1,,,
3/25/2018,Sunday,33,39,49,12,93,131,131,,,1,,,
3/26/2018,Monday,30,36,51,11,64,92,92,,1,,,,
3/27/2018,Tuesday,26,42,42,10,60,85,85,,1,,,,
3/28/2018,Wednesday,42,39,62,13,62,87,87,,1,,,,
3/29/2018,Thursday,30,36,49,13,81,115,115,,,1,,,
3/30/2018,Friday,39,41,51,16,66,104,104,,,1,,,
3/31/2018,Saturday,20,34,34,9,77,109,109,,,1,,,
4/1/2018,Sunday,26,43,45,11,45,56,56,,1,,,,
4/2/2018,Monday,30,45,53,14,66,83,83,,1,,,,
4/3/2018,Tuesday,34,54,61,13,60,85,85,,1,,,,
4/4/2018,Wednesday,32,39,57,12,39,53,53,,1,,,,
4/5/2018,Thursday,22,42,40,13,41,49,49,1,,,,,
4/6/2018,Friday,25,42,49,17,49,71,71,,1,,,,
4/7/2018,Saturday,21,55,42,15,49,67,67,,1,,,,
4/8/2018,Sunday,29,16,59,12,41,74,74,,1,,,,
4/9/2018,Monday,26,43,54,17,46,79,79,,1,,,,
4/10/2018,Tuesday,23,47,48,15,41,71,71,,1,,,,
4/11/2018,Wednesday,20,40,47,12,33,44,44,1,,,,,
4/12/2018,Thursday,35,39,59,13,51,67,67,,1,,,,
4/13/2018,Friday,27,31,62,13,58,78,78,,1,,,,
4/14/2018,Saturday,21,46,47,11,48,61,61,,1,,,,
4/15/2018,Sunday,21,44,47,10,32,51,51,,1,,,,
4/16/2018,Monday,24,23,44,10,33,59,59,,1,,,,
4/17/2018,Tuesday,26,18,53,9,35,61,61,,1,,,,
4/18/2018,Wednesday,24,33,56,12,52,107,107,,,1,,,
4/19/2018,Thursday,33,43,61,13,48,91,91,,1,,,,
4/20/2018,Friday,37,45,71,12,55,97,97,,1,,,,
4/21/2018,Saturday,36,51,68,12,52,75,75,,1,,,,
4/22/2018,Sunday,26,33,57,10,77,106,106,,,1,,,
4/23/2018,Monday,26,30,44,9,66,94,94,,1,,,,
4/24/2018,Tuesday,33,22,76,10,43,73,73,,1,,,,
4/25/2018,Wednesday,31,43,70,10,47,73,73,,1,,,,
4/26/2018,Thursday,23,52,72,6,45,56,56,,1,,,,
4/27/2018,Friday,20,38,55,9,52,64,64,,1,,,,
4/28/2018,Saturday,25,36,52,9,52,69,69,,1,,,,
4/29/2018,Sunday,25,42,57,10,79,111,111,,,1,,,
4/30/2018,Monday,23,40,58,11,51,72,72,,1,,,,
5/1/2018,Tuesday,26,40,59,11,39,75,75,,1,,,,
5/2/2018,Wednesday,30,36,66,6,52,83,83,,1,,,,
5/3/2018,Thursday,26,53,60,6,50,71,71,,1,,,,
5/4/2018,Friday,23,44,54,4,52,66,66,,1,,,,
5/5/2018,Saturday,23,40,65,3,42,58,58,,1,,,,
5/6/2018,Sunday,29,43,74,4,49,74,74,,1,,,,
5/7/2018,Monday,27,42,70,5,65,81,81,,1,,,,
5/8/2018,Tuesday,31,39,75,5,86,108,108,,,1,,,
5/9/2018,Wednesday,22,36,57,5,60,83,83,,1,,,,
5/10/2018,Thursday,26,26,48,3,30,48,48,1,,,,,
5/11/2018,Friday,21,47,55,3,41,51,51,,1,,,,
5/12/2018,Saturday,18,47,62,3,42,50,50,1,,,,,
5/13/2018,Sunday,26,38,69,4,78,94,94,,1,,,,
5/14/2018,Monday,19,42,61,4,67,82,82,,1,,,,
5/15/2018,Tuesday,24,46,60,4,52,65,65,,1,,,,
5/16/2018,Wednesday,16,51,62,4,46,54,54,,1,,,,
5/17/2018,Thursday,14,47,54,4,35,43,47,1,,,,,
5/18/2018,Friday,18,54,64,4,39,54,54,,1,,,,
5/19/2018,Saturday,20,81,70,4,44,56,81,,1,,,,
5/20/2018,Sunday,19,67,74,5,46,56,67,,1,,,,
5/21/2018,Monday,22,91,78,5,46,59,91,,1,,,,
5/22/2018,Tuesday,19,76,68,5,52,61,76,,1,,,,
5/23/2018,Wednesday,21,52,66,5,48,62,62,,1,,,,
5/24/2018,Thursday,20,49,50,4,36,41,49,1,,,,,
5/25/2018,Friday,27,47,56,5,57,61,61,,1,,,,
5/26/2018,Saturday,13,59,47,5,70,87,87,,1,,,,
5/27/2018,Sunday,22,50,60,5,98,118,118,,,1,,,
5/28/2018,Monday,20,71,52,6,67,75,75,,1,,,,
5/29/2018,Tuesday,26,80,71,5,78,86,86,,1,,,,
5/30/2018,Wednesday,20,115,75,5,79,74,115,,,1,,,
5/31/2018,Thursday,24,53,50,4,73,69,73,,1,,,,
6/1/2018,Friday,17,47,46,4,67,78,78,,1,,,,
6/2/2018,Saturday,22,31,61,4,62,79,79,,1,,,,
6/3/2018,Sunday,18,44,45,4,52,66,66,,1,,,,
6/4/2018,Monday,26,49,56,4,40,50,50,1,,,,,
6/5/2018,Tuesday,22,105,71,4,45,59,105,,,1,,,
6/6/2018,Wednesday,19,48,39,4,55,58,58,,1,,,,
6/7/2018,Thursday,21,67,66,5,49,63,67,,1,,,,
6/8/2018,Friday,22,61,56,4,43,48,61,,1,,,,
6/9/2018,Saturday,24,122,70,5,42,54,122,,,1,,,
6/10/2018,Sunday,20,73,54,5,59,56,73,,1,,,,
6/11/2018,Monday,24,83,68,7,64,68,83,,1,,,,
6/12/2018,Tuesday,18,85,59,5,62,60,85,,1,,,,
6/13/2018,Wednesday,18,62,59,5,47,57,62,,1,,,,
6/14/2018,Thursday,24,56,69,5,56,64,64,,1,,,,
6/15/2018,Friday,20,80,54,6,51,66,80,,1,,,,
6/16/2018,Saturday,28,117,48,7,48,68,117,,,1,,,
6/17/2018,Sunday,17,88,58,5,49,64,88,,1,,,,
6/18/2018,Monday,21,83,63,5,43,58,83,,1,,,,
6/19/2018,Tuesday,31,58,52,6,66,79,79,,1,,,,
6/20/2018,Wednesday,22,58,61,6,64,77,77,,1,,,,
6/21/2018,Thursday,35,98,86,7,62,83,98,,1,,,,
6/22/2018,Friday,28,108,77,6,70,88,108,,,1,,,
6/23/2018,Saturday,30,95,84,7,63,83,95,,1,,,,
6/24/2018,Sunday,30,87,91,7,68,90,90,,1,,,,
6/25/2018,Monday,30,115,84,8,75,99,115,,,1,,,
6/26/2018,Tuesday,31,90,73,8,70,93,93,,1,,,,
6/27/2018,Wednesday,29,60,56,6,60,76,76,,1,,,,
6/28/2018,Thursday,25,92,66,9,60,82,92,,1,,,,
6/29/2018,Friday,25,105,80,6,60,84,105,,,1,,,
6/30/2018,Saturday,28,82,71,6,54,67,82,,1,,,,
7/1/2018,Sunday,28,100,71,7,59,81,100,,1,,,,
7/2/2018,Monday,19,150,62,7,66,83,150,,,1,,,
7/3/2018,Tuesday,17,133,64,6,68,83,133,,,1,,,
7/4/2018,Wednesday,20,52,59,5,59,65,65,,1,,,,
7/5/2018,Thursday,23,129,74,7,63,85,129,,,1,,,
7/6/2018,Friday,25,117,64,6,57,79,117,,,1,,,
7/7/2018,Saturday,26,85,80,6,52,64,85,,1,,,,
7/8/2018,Sunday,26,100,82,8,62,78,100,,1,,,,
7/9/2018,Monday,40,70,74,8,63,77,77,,1,,,,
7/10/2018,Tuesday,26,72,68,8,66,77,77,,1,,,,
7/11/2018,Wednesday,25,72,75,8,66,82,82,,1,,,,
7/12/2018,Thursday,23,70,67,7,67,83,83,,1,,,,
7/13/2018,Friday,27,117,66,8,65,83,117,,,1,,,
7/14/2018,Saturday,25,101,64,6,57,74,101,,,1,,,
7/15/2018,Sunday,22,56,68,6,59,71,71,,1,,,,
7/16/2018,Monday,25,56,69,7,65,81,81,,1,,,,
7/17/2018,Tuesday,29,62,73,8,83,98,98,,1,,,,
7/18/2018,Wednesday,19,62,68,6,74,84,84,,1,,,,
7/19/2018,Thursday,21,46,53,6,61,74,74,,1,,,,
7/20/2018,Friday,35,62,64,7,65,76,76,,1,,,,
7/21/2018,Saturday,23,58,54,6,57,70,70,,1,,,,
7/22/2018,Sunday,25,52,67,7,63,76,76,,1,,,,
7/23/2018,Monday,23,54,85,10,64,76,76,,1,,,,
7/24/2018,Tuesday,21,48,70,7,80,94,94,,1,,,,
7/25/2018,Wednesday,25,69,70,7,79,106,106,,,1,,,
7/26/2018,Thursday,24,66,64,6,74,89,89,,1,,,,
7/27/2018,Friday,24,59,79,7,64,82,82,,1,,,,
7/28/2018,Saturday,15,74,65,5,58,72,74,,1,,,,
7/29/2018,Sunday,25,101,80,9,65,80,101,,,1,,,
7/30/2018,Monday,31,101,89,9,63,81,101,,,1,,,
7/31/2018,Tuesday,31,98,87,8,61,77,98,,1,,,,
8/1/2018,Wednesday,31,81,78,7,57,68,81,,1,,,,
8/2/2018,Thursday,26,61,82,7,57,74,74,,1,,,,
8/3/2018,Friday,18,49,53,6,54,67,67,,1,,,,
8/4/2018,Saturday,15,49,50,5,51,58,58,,1,,,,
8/5/2018,Sunday,28,43,67,6,56,65,65,,1,,,,
8/6/2018,Monday,28,49,75,6,57,72,72,,1,,,,
8/7/2018,Tuesday,33,56,66,6,68,82,82,,1,,,,
8/8/2018,Wednesday,24,61,61,6,68,85,85,,1,,,,
8/9/2018,Thursday,21,52,56,5,60,75,75,,1,,,,
8/10/2018,Friday,29,59,55,5,55,63,63,,1,,,,
8/11/2018,Saturday,31,80,68,5,60,65,80,,1,,,,
8/12/2018,Sunday,31,76,61,7,66,76,76,,1,,,,
8/13/2018,Monday,32,54,55,7,71,83,83,,1,,,,
8/14/2018,Tuesday,24,65,58,6,68,79,79,,1,,,,
8/15/2018,Wednesday,30,62,59,8,70,79,79,,1,,,,
8/16/2018,Thursday,37,53,63,8,73,80,80,,1,,,,
8/17/2018,Friday,36,58,56,6,64,69,69,,1,,,,
8/18/2018,Saturday,33,52,63,7,62,67,67,,1,,,,
8/19/2018,Sunday,37,51,83,8,69,78,78,,1,,,,
8/20/2018,Monday,24,102,56,10,134,116,134,,,1,,,
8/21/2018,Tuesday,24,57,49,10,83,88,88,,1,,,,
8/22/2018,Wednesday,30,53,55,10,70,78,78,,1,,,,
8/23/2018,Thursday,25,65,48,10,61,69,69,,1,,,,
8/24/2018,Friday,23,48,44,9,62,69,69,,1,,,,
8/25/2018,Saturday,33,61,57,10,61,71,71,,1,,,,
8/26/2018,Sunday,32,72,56,13,66,83,83,,1,,,,
8/27/2018,Monday,26,56,59,10,59,68,68,,1,,,,
8/28/2018,Tuesday,32,45,62,10,58,66,66,,1,,,,
8/29/2018,Wednesday,46,57,76,13,66,84,84,,1,,,,
8/30/2018,Thursday,45,56,67,11,66,65,66,,1,,,,
8/31/2018,Friday,40,67,63,13,68,63,68,,1,,,,
9/1/2018,Saturday,32,60,55,11,60,76,76,,1,,,,
9/2/2018,Sunday,20,53,44,10,64,81,81,,1,,,,
9/3/2018,Monday,21,54,44,10,66,81,81,,1,,,,
9/4/2018,Tuesday,26,56,54,11,61,74,74,,1,,,,
9/5/2018,Wednesday,29,51,58,11,60,72,72,,1,,,,
9/6/2018,Thursday,37,48,63,13,62,80,80,,1,,,,
9/7/2018,Friday,38,55,59,10,61,75,75,,1,,,,
9/8/2018,Saturday,35,62,69,10,62,76,76,,1,,,,
9/9/2018,Sunday,35,63,76,12,62,74,74,,1,,,,
9/10/2018,Monday,35,41,76,11,71,94,94,,1,,,,
9/11/2018,Tuesday,41,58,77,14,71,92,92,,1,,,,
9/12/2018,Wednesday,44,47,86,15,66,80,80,,1,,,,
9/13/2018,Thursday,28,33,74,11,79,87,87,,1,,,,
9/14/2018,Friday,28,62,68,11,76,96,96,,1,,,,
9/15/2018,Saturday,34,68,69,13,68,88,88,,1,,,,
9/16/2018,Sunday,43,67,85,16,70,91,91,,1,,,,
9/17/2018,Monday,47,52,78,14,70,88,88,,1,,,,
9/18/2018,Tuesday,34,43,75,13,65,79,79,,1,,,,
9/19/2018,Wednesday,29,50,64,12,90,89,90,,1,,,,
9/20/2018,Thursday,18,33,35,12,74,86,86,,1,,,,
9/21/2018,Friday,15,42,35,10,50,65,65,,1,,,,
9/22/2018,Saturday,25,42,56,12,40,54,54,,1,,,,
9/23/2018,Sunday,27,44,61,14,49,60,60,,1,,,,
9/24/2018,Monday,38,41,68,14,66,88,88,,1,,,,
9/25/2018,Tuesday,19,45,50,11,54,66,66,,1,,,,
9/26/2018,Wednesday,33,48,73,12,55,68,68,,1,,,,
9/27/2018,Thursday,31,75,80,12,58,75,75,,1,,,,
9/28/2018,Friday,35,42,60,12,46,55,55,,1,,,,
9/29/2018,Saturday,27,37,51,10,42,48,48,1,,,,,
9/30/2018,Sunday,41,34,61,13,51,60,60,,1,,,,
10/1/2018,Monday,40,52,66,12,61,72,72,,1,,,,
10/2/2018,Tuesday,39,40,64,14,58,73,73,,1,,,,
10/3/2018,Wednesday,43,39,70,13,64,74,74,,1,,,,
10/4/2018,Thursday,36,35,48,15,73,83,83,,1,,,,
10/5/2018,Friday,40,42,62,10,62,76,76,,1,,,,
10/6/2018,Saturday,24,54,49,9,61,69,69,,1,,,,
10/7/2018,Sunday,22,26,35,9,29,39,39,1,,,,,
10/8/2018,Monday,24,23,43,11,46,65,65,,1,,,,
10/9/2018,Tuesday,25,34,43,13,45,60,60,,1,,,,
10/10/2018,Wednesday,33,28,57,16,63,87,87,,1,,,,
10/11/2018,Thursday,25,20,43,19,47,82,82,,1,,,,
10/12/2018,Friday,26,33,59,12,57,76,76,,1,,,,
10/13/2018,Saturday,21,35,40,11,54,69,69,,1,,,,
10/14/2018,Sunday,22,17,45,16,54,81,81,,1,,,,
10/15/2018,Monday,29,26,52,11,55,82,82,,1,,,,
10/16/2018,Tuesday,24,29,56,12,58,75,75,,1,,,,
10/17/2018,Wednesday,25,30,46,13,39,65,65,,1,,,,
10/18/2018,Thursday,34,28,50,14,54,80,80,,1,,,,
10/19/2018,Friday,33,31,55,14,56,77,77,,1,,,,
10/20/2018,Saturday,33,38,55,11,54,72,72,,1,,,,
10/21/2018,Sunday,38,28,68,17,64,81,81,,1,,,,
10/22/2018,Monday,33,29,57,12,57,81,81,,1,,,,
10/23/2018,Tuesday,31,24,59,12,58,90,90,,1,,,,
10/24/2018,Wednesday,32,27,62,10,55,69,69,,1,,,,
10/25/2018,Thursday,21,25,45,10,57,65,65,,1,,,,
10/26/2018,Friday,49,25,51,13,71,84,84,,1,,,,
10/27/2018,Saturday,23,22,44,10,30,45,45,1,,,,,
10/28/2018,Sunday,20,26,43,11,44,50,50,1,,,,,
10/29/2018,Monday,26,15,40,10,45,69,69,,1,,,,
10/30/2018,Tuesday,22,19,44,11,53,81,81,,1,,,,
10/31/2018,Wednesday,27,29,62,10,49,77,77,,1,,,,
11/1/2018,Thursday,31,26,50,12,48,61,61,,1,,,,
11/2/2018,Friday,20,28,47,11,44,57,57,,1,,,,
11/3/2018,Saturday,22,31,46,13,40,50,50,1,,,,,
11/4/2018,Sunday,26,23,52,13,44,55,55,,1,,,,
11/5/2018,Monday,33,22,57,13,51,62,62,,1,,,,
11/6/2018,Tuesday,41,20,63,16,59,76,76,,1,,,,
11/7/2018,Wednesday,23,21,51,9,34,59,59,,1,,,,
11/8/2018,Thursday,27,17,52,12,42,69,69,,1,,,,
11/9/2018,Friday,26,22,61,13,47,84,84,,1,,,,
11/10/2018,Saturday,32,25,72,13,52,92,92,,1,,,,
11/11/2018,Sunday,31,27,57,10,58,105,105,,,1,,,
11/12/2018,Monday,32,19,52,10,40,79,79,,1,,,,
11/13/2018,Tuesday,28,13,53,10,23,47,47,1,,,,,
11/14/2018,Wednesday,23,13,49,11,33,64,64,,1,,,,
11/15/2018,Thursday,19,27,40,7,26,54,54,,1,,,,
11/16/2018,Friday,26,15,44,8,44,85,85,,1,,,,
11/17/2018,Saturday,42,10,73,11,51,98,98,,1,,,,
11/18/2018,Sunday,44,17,81,14,55,84,84,,1,,,,
11/19/2018,Monday,43,23,77,13,65,111,111,,,1,,,
11/20/2018,Tuesday,38,23,76,13,70,111,111,,,1,,,
11/21/2018,Wednesday,39,24,77,15,72,120,120,,,1,,,
11/22/2018,Thursday,41,19,72,15,67,102,102,,,1,,,
11/23/2018,Friday,34,22,50,9,46,66,66,,1,,,,
11/24/2018,Saturday,20,16,48,10,30,52,52,,1,,,,
11/25/2018,Sunday,24,13,48,8,32,54,54,,1,,,,
11/26/2018,Monday,20,11,36,8,28,56,56,,1,,,,
11/27/2018,Tuesday,26,17,51,9,33,51,51,,1,,,,
11/28/2018,Wednesday,39,18,73,13,56,87,87,,1,,,,
11/29/2018,Thursday,40,14,84,14,66,110,110,,,1,,,
11/30/2018,Friday,38,16,76,12,80,134,134,,,1,,,
12/1/2018,Saturday,26,22,59,12,64,103,103,,,1,,,
12/2/2018,Sunday,29,21,63,12,61,92,92,,1,,,,
12/3/2018,Monday,43,22,80,13,65,98,98,,1,,,,
12/4/2018,Tuesday,43,19,88,14,80,126,126,,,1,,,
12/5/2018,Wednesday,39,23,81,15,90,139,139,,,1,,,
12/6/2018,Thursday,39,21,78,15,92,140,140,,,1,,,
12/7/2018,Friday,24,18,63,8,52,79,79,,1,,,,
12/8/2018,Saturday,22,25,56,9,33,40,40,1,,,,,
12/9/2018,Sunday,27,19,65,9,41,52,52,,1,,,,
12/10/2018,Monday,26,21,67,10,42,57,57,,1,,,,
12/11/2018,Tuesday,30,21,60,11,51,73,73,,1,,,,
12/12/2018,Wednesday,46,17,86,13,68,97,97,,1,,,,
12/13/2018,Thursday,50,15,84,15,60,77,77,,1,,,,
12/14/2018,Friday,55,19,82,16,62,102,102,,,1,,,
12/15/2018,Saturday,41,20,70,12,56,80,80,,1,,,,
12/16/2018,Sunday,36,16,78,14,73,96,96,,1,,,,
12/17/2018,Monday,45,20,93,18,78,116,116,,,1,,,
12/18/2018,Tuesday,25,21,75,19,68,103,103,,,1,,,
12/19/2018,Wednesday,37,13,72,11,40,63,63,,1,,,,
12/20/2018,Thursday,34,17,67,15,69,109,109,,,1,,,
12/21/2018,Friday,23,21,56,11,42,69,69,,1,,,,
12/22/2018,Saturday,25,24,50,11,43,68,68,,1,,,,
12/23/2018,Sunday,31,13,59,11,52,79,79,,1,,,,
12/24/2018,Monday,33,18,67,12,57,90,90,,1,,,,
12/25/2018,Tuesday,28,22,69,16,61,98,98,,1,,,,
12/26/2018,Wednesday,47,18,91,14,63,93,93,,1,,,,
12/27/2018,Thursday,55,14,86,18,87,127,127,,,1,,,
12/28/2018,Friday,31,12,77,13,73,107,107,,,1,,,
12/29/2018,Saturday,27,21,65,9,38,50,50,1,,,,,
12/30/2018,Sunday,32,24,57,10,36,46,46,1,,,,,
12/31/2018,Monday,37,18,74,22,64,91,91,,1,,,,
1/1/2019,Tuesday,29,21,73,13,56,81,81,,1,,,,
1/2/2019,Wednesday,40,20,77,14,56,74,74,,1,,,,
1/3/2019,Thursday,33,9,88,16,70,113,113,,,1,,,
1/4/2019,Friday,39,12,70,12,37,73,73,,1,,,,
1/5/2019,Saturday,41,21,77,13,58,89,89,,1,,,,
1/6/2019,Sunday,32,16,78,17,78,126,126,,,1,,,
1/7/2019,Monday,38,20,80,16,73,118,118,,,1,,,
1/8/2019,Tuesday,29,26,72,10,74,79,79,,1,,,,
1/9/2019,Wednesday,30,23,72,14,77,97,97,,1,,,,
1/10/2019,Thursday,24,27,61,12,58,64,64,,1,,,,
1/11/2019,Friday,30,19,57,13,48,59,59,,1,,,,
1/12/2019,Saturday,34,21,60,14,59,81,81,,1,,,,
1/13/2019,Sunday,41,21,83,15,69,100,100,,1,,,,
1/14/2019,Monday,34,10,76,16,67,105,105,,,1,,,
1/15/2019,Tuesday,40,17,71,17,65,109,109,,,1,,,
1/16/2019,Wednesday,40,30,79,13,50,62,62,,1,,,,
1/17/2019,Thursday,25,21,65,16,53,72,72,,1,,,,
1/18/2019,Friday,26,23,50,10,27,42,42,1,,,,,
1/19/2019,Saturday,26,34,55,10,49,56,56,,1,,,,
1/20/2019,Sunday,33,17,69,15,61,88,88,,1,,,,
1/21/2019,Monday,35,17,77,18,75,124,124,,,1,,,
1/22/2019,Tuesday,39,21,76,17,71,112,112,,,1,,,
1/23/2019,Wednesday,37,20,84,17,74,107,107,,,1,,,
1/24/2019,Thursday,35,25,71,17,79,128,128,,,1,,,
1/25/2019,Friday,38,24,66,14,72,108,108,,,1,,,
1/26/2019,Saturday,31,22,73,13,69,86,86,,1,,,,
1/27/2019,Sunday,40,24,76,14,100,115,115,,,1,,,
1/28/2019,Monday,26,20,71,13,87,107,107,,,1,,,
1/29/2019,Tuesday,34,20,64,12,52,66,66,,1,,,,
1/30/2019,Wednesday,29,26,69,11,33,42,42,1,,,,,
1/31/2019,Thursday,40,22,76,14,62,84,84,,1,,,,
2/1/2019,Friday,21,26,90,6,56,73,73,,1,,,,
2/2/2019,Saturday,33,34,73,12,47,46,47,1,,,,,
2/3/2019,Sunday,27,22,69,11,47,50,50,1,,,,,
2/4/2019,Monday,30,21,62,11,42,56,56,,1,,,,
2/5/2019,Tuesday,27,24,65,12,40,50,50,1,,,,,
2/6/2019,Wednesday,33,28,81,15,58,82,82,,1,,,,
2/7/2019,Thursday,41,22,84,16,70,99,99,,1,,,,
2/8/2019,Friday,40,18,84,21,90,136,136,,,1,,,
2/9/2019,Saturday,39,22,81,20,85,139,139,,,1,,,
2/10/2019,Sunday,31,24,76,14,56,96,96,,1,,,,
2/11/2019,Monday,26,30,61,11,39,61,61,,1,,,,
2/12/2019,Tuesday,27,18,61,11,26,47,47,1,,,,,
2/13/2019,Wednesday,30,22,73,14,43,54,54,,1,,,,
2/14/2019,Thursday,33,26,77,12,60,87,87,,1,,,,
2/15/2019,Friday,33,28,75,19,63,116,116,,,1,,,
2/16/2019,Saturday,21,33,63,7,45,64,64,,1,,,,
2/17/2019,Sunday,21,32,54,10,27,33,33,1,,,,,
2/18/2019,Monday,25,30,70,12,34,45,45,1,,,,,
2/19/2019,Tuesday,22,29,58,12,38,54,54,,1,,,,
2/20/2019,Wednesday,25,25,64,13,44,61,61,,1,,,,
2/21/2019,Thursday,26,27,70,14,55,80,80,,1,,,,
2/22/2019,Friday,26,29,67,15,52,73,73,,1,,,,
2/23/2019,Saturday,32,34,73,12,44,64,64,,1,,,,
2/24/2019,Sunday,28,30,71,12,44,61,61,,1,,,,
2/25/2019,Monday,20,32,61,14,49,76,76,,1,,,,
2/26/2019,Tuesday,28,27,67,18,54,90,90,,1,,,,
2/27/2019,Wednesday,32,31,65,15,57,71,71,,1,,,,
2/28/2019,Thursday,28,26,60,12,52,77,77,,1,,,,
3/1/2019,Friday,25,31,58,10,35,47,47,1,,,,,
3/2/2019,Saturday,22,27,58,12,37,49,49,1,,,,,
3/3/2019,Sunday,24,25,64,14,39,56,56,,1,,,,
3/4/2019,Monday,29,23,70,15,49,67,67,,1,,,,
3/5/2019,Tuesday,23,34,65,14,43,58,58,,1,,,,
3/6/2019,Wednesday,29,31,75,16,52,73,73,,1,,,,
3/7/2019,Thursday,26,36,71,16,51,68,68,,1,,,,
3/8/2019,Friday,21,36,64,13,41,60,60,,1,,,,
3/9/2019,Saturday,19,38,48,11,32,37,38,1,,,,,
3/10/2019,Sunday,25,27,69,16,54,83,83,,1,,,,
3/11/2019,Monday,27,35,80,21,59,91,91,,1,,,,
3/12/2019,Tuesday,33,34,88,16,61,93,93,,1,,,,
3/13/2019,Wednesday,29,40,85,17,55,82,82,,1,,,,
3/14/2019,Thursday,39,36,92,18,61,79,79,,1,,,,
3/15/2019,Friday,18,36,67,12,51,57,57,,1,,,,
3/16/2019,Saturday,30,36,72,12,44,58,58,,1,,,,
3/17/2019,Sunday,35,33,71,13,68,81,81,,1,,,,
3/18/2019,Monday,21,32,59,15,38,54,54,,1,,,,
3/19/2019,Tuesday,28,31,70,13,36,51,51,,1,,,,
3/20/2019,Wednesday,23,36,63,12,55,98,98,,1,,,,
3/21/2019,Thursday,21,32,52,12,27,45,45,1,,,,,
3/22/2019,Friday,19,32,47,10,21,37,37,1,,,,,
3/23/2019,Saturday,22,36,67,12,37,63,63,,1,,,,
3/24/2019,Sunday,15,37,54,12,24,37,37,1,,,,,
3/25/2019,Monday,13,33,41,10,28,42,42,1,,,,,
3/26/2019,Tuesday,22,19,55,10,21,38,38,1,,,,,
3/27/2019,Wednesday,32,26,57,11,20,33,33,1,,,,,
3/28/2019,Thursday,16,36,53,10,17,26,36,1,,,,,
3/29/2019,Friday,17,34,46,10,21,36,36,1,,,,,
3/30/2019,Saturday,15,37,45,10,18,31,37,1,,,,,
3/31/2019,Sunday,18,34,48,11,26,38,38,1,,,,,
4/1/2019,Monday,19,32,41,10,21,31,32,1,,,,,
4/2/2019,Tuesday,25,33,43,11,31,40,40,1,,,,,
4/3/2019,Wednesday,22,35,48,10,22,31,35,1,,,,,
4/4/2019,Thursday,23,35,52,12,30,36,36,1,,,,,
4/5/2019,Friday,28,41,56,11,43,54,54,,1,,,,
4/6/2019,Saturday,24,42,63,11,49,59,59,,1,,,,
4/7/2019,Sunday,25,33,50,11,37,42,42,1,,,,,
4/8/2019,Monday,25,29,61,12,35,48,48,1,,,,,
4/9/2019,Tuesday,20,30,60,10,35,44,44,1,,,,,
4/10/2019,Wednesday,20,38,59,9,36,49,49,1,,,,,
4/11/2019,Thursday,28,39,62,11,44,54,54,,1,,,,
4/12/2019,Friday,23,37,56,10,44,53,53,,1,,,,
4/13/2019,Saturday,24,43,59,10,30,41,43,1,,,,,
4/14/2019,Sunday,22,36,66,10,36,44,44,1,,,,,
4/15/2019,Monday,28,44,67,11,36,45,45,1,,,,,
4/16/2019,Tuesday,28,34,64,12,55,61,61,,1,,,,
4/17/2019,Wednesday,26,34,68,12,58,68,68,,1,,,,
4/18/2019,Thursday,24,36,55,12,68,79,79,,1,,,,
4/19/2019,Friday,21,35,59,10,48,64,64,,1,,,,
4/20/2019,Saturday,32,39,70,11,42,57,57,,1,,,,
4/21/2019,Sunday,21,39,52,10,36,43,43,1,,,,,
4/22/2019,Monday,21,52,67,11,36,43,52,,1,,,,
4/23/2019,Tuesday,21,35,61,11,41,51,51,,1,,,,
4/24/2019,Wednesday,19,30,53,11,36,49,49,1,,,,,
4/25/2019,Thursday,17,33,59,12,37,54,54,,1,,,,
4/26/2019,Friday,19,39,63,13,41,54,54,,1,,,,
4/27/2019,Saturday,21,43,67,12,34,51,51,,1,,,,
4/28/2019,Sunday,22,47,73,12,38,52,52,,1,,,,
4/29/2019,Monday,22,39,68,11,42,55,55,,1,,,,
4/30/2019,Tuesday,29,51,71,12,53,71,71,,1,,,,
5/1/2019,Wednesday,29,43,65,11,38,54,54,,1,,,,
5/2/2019,Thursday,34,68,87,14,54,80,80,,1,,,,
5/3/2019,Friday,26,55,66,12,69,91,91,,1,,,,
5/4/2019,Saturday,27,36,54,11,73,87,87,,1,,,,
5/5/2019,Sunday,24,38,66,9,59,75,75,,1,,,,
5/6/2019,Monday,28,44,77,13,64,83,83,,1,,,,
5/7/2019,Tuesday,26,50,72,10,42,52,52,,1,,,,
5/8/2019,Wednesday,18,42,61,8,68,77,77,,1,,,,
5/9/2019,Thursday,21,42,64,10,52,61,61,,1,,,,
5/10/2019,Friday,12,44,51,4,55,59,59,,1,,,,
5/11/2019,Saturday,22,42,60,8,48,55,55,,1,,,,
5/12/2019,Sunday,26,40,68,10,46,54,54,,1,,,,
5/13/2019,Monday,25,43,71,9,35,44,44,1,,,,,
5/14/2019,Tuesday,20,47,60,9,44,47,47,1,,,,,
5/15/2019,Wednesday,19,54,66,9,46,49,54,,1,,,,
5/16/2019,Thursday,17,52,56,8,40,42,52,,1,,,,
5/17/2019,Friday,19,51,55,6,41,46,51,,1,,,,
5/18/2019,Saturday,22,67,59,9,39,45,67,,1,,,,
5/19/2019,Sunday,23,58,77,11,48,53,58,,1,,,,
5/20/2019,Monday,20,72,62,9,52,64,72,,1,,,,
5/21/2019,Tuesday,21,50,72,10,61,72,72,,1,,,,
5/22/2019,Wednesday,14,46,63,8,52,68,68,,1,,,,
5/23/2019,Thursday,15,48,62,9,36,55,55,,1,,,,
5/24/2019,Friday,28,97,85,11,52,87,97,,1,,,,
5/25/2019,Saturday,26,67,56,10,54,75,75,,1,,,,
5/26/2019,Sunday,23,53,66,9,66,79,79,,1,,,,
5/27/2019,Monday,26,35,58,9,57,70,70,,1,,,,
5/28/2019,Tuesday,27,49,69,9,58,76,76,,1,,,,
5/29/2019,Wednesday,23,62,73,10,54,68,68,,1,,,,
5/30/2019,Thursday,19,51,56,11,55,67,67,,1,,,,
5/31/2019,Friday,14,69,50,11,52,57,69,,1,,,,
6/1/2019,Saturday,16,77,58,9,44,55,77,,1,,,,
6/2/2019,Sunday,17,79,65,11,47,62,79,,1,,,,
6/3/2019,Monday,27,108,90,11,53,71,108,,,1,,,
6/4/2019,Tuesday,26,111,102,11,50,70,111,,,1,,,
6/5/2019,Wednesday,28,104,91,9,46,63,104,,,1,,,
6/6/2019,Thursday,20,92,65,8,35,53,92,,1,,,,
6/7/2019,Friday,23,78,73,9,42,58,78,,1,,,,
6/8/2019,Saturday,22,61,76,9,45,64,64,,1,,,,
6/9/2019,Sunday,19,83,77,9,51,66,83,,1,,,,
6/10/2019,Monday,21,65,63,10,65,79,79,,1,,,,
6/11/2019,Tuesday,20,114,67,11,71,94,114,,,1,,,
6/12/2019,Wednesday,19,112,72,11,61,78,112,,,1,,,
6/13/2019,Thursday,22,70,70,10,51,64,70,,1,,,,
6/14/2019,Friday,28,56,75,10,50,68,68,,1,,,,
6/15/2019,Saturday,20,102,70,9,53,72,102,,,1,,,
6/16/2019,Sunday,28,69,77,8,51,68,69,,1,,,,
6/17/2019,Monday,32,64,94,11,56,73,73,,1,,,,
6/18/2019,Tuesday,35,70,83,10,56,74,74,,1,,,,
6/19/2019,Wednesday,35,120,96,12,62,88,120,,,1,,,
6/20/2019,Thursday,27,96,74,10,70,90,96,,1,,,,
6/21/2019,Friday,34,65,73,10,63,85,85,,1,,,,
6/22/2019,Saturday,31,70,77,9,72,92,92,,1,,,,
6/23/2019,Sunday,32,119,98,12,77,107,119,,,1,,,
6/24/2019,Monday,33,106,87,10,67,89,106,,,1,,,
6/25/2019,Tuesday,31,56,79,9,60,79,79,,1,,,,
6/26/2019,Wednesday,29,73,80,11,61,83,83,,1,,,,
6/27/2019,Thursday,30,114,82,12,65,88,114,,,1,,,
6/28/2019,Friday,28,64,69,10,56,76,76,,1,,,,
6/29/2019,Saturday,33,92,78,10,56,78,92,,1,,,,
6/30/2019,Sunday,36,110,92,12,69,105,110,,,1,,,
7/1/2019,Monday,36,160,105,11,75,113,160,,,,1,,
7/2/2019,Tuesday,23,127,73,8,94,103,127,,,1,,,
7/3/2019,Wednesday,22,82,80,13,75,97,97,,1,,,,
7/4/2019,Thursday,27,104,67,11,82,102,104,,,1,,,
7/5/2019,Friday,43,134,98,11,75,107,134,,,1,,,
7/6/2019,Saturday,36,131,88,10,70,102,131,,,1,,,
7/7/2019,Sunday,28,65,80,10,75,95,95,,1,,,,
7/8/2019,Monday,27,75,79,10,77,98,98,,1,,,,
7/9/2019,Tuesday,33,113,93,14,74,98,113,,,1,,,
7/10/2019,Wednesday,24,126,82,12,78,96,126,,,1,,,
7/11/2019,Thursday,21,66,76,10,75,92,92,,1,,,,
7/12/2019,Friday,23,84,60,10,66,82,84,,1,,,,
7/13/2019,Saturday,34,74,86,10,65,86,86,,1,,,,
7/14/2019,Sunday,38,122,94,9,66,90,122,,,1,,,
7/15/2019,Monday,37,110,93,11,73,97,110,,,1,,,
7/16/2019,Tuesday,25,60,70,9,67,81,81,,1,,,,
7/17/2019,Wednesday,18,37,58,8,62,73,73,,1,,,,
7/18/2019,Thursday,24,42,67,9,59,73,73,,1,,,,
7/19/2019,Friday,40,51,74,11,57,74,74,,1,,,,
7/20/2019,Saturday,34,74,87,12,55,71,74,,1,,,,
7/21/2019,Sunday,32,80,83,12,62,78,80,,1,,,,
7/22/2019,Monday,23,48,74,9,60,72,72,,1,,,,
7/23/2019,Tuesday,23,39,73,9,53,64,64,,1,,,,
7/24/2019,Wednesday,25,78,83,12,53,70,78,,1,,,,
7/25/2019,Thursday,36,76,92,12,60,79,79,,1,,,,
7/26/2019,Friday,36,84,93,14,60,84,84,,1,,,,
7/27/2019,Saturday,33,77,75,16,61,82,82,,1,,,,
7/28/2019,Sunday,20,39,60,10,56,66,66,,1,,,,
7/29/2019,Monday,28,45,76,11,74,90,90,,1,,,,
7/30/2019,Tuesday,31,85,91,11,60,81,85,,1,,,,
7/31/2019,Wednesday,33,97,94,11,60,74,97,,1,,,,
8/1/2019,Thursday,35,149,100,11,64,85,149,,,1,,,
8/2/2019,Friday,37,140,96,11,59,80,140,,,1,,,
8/3/2019,Saturday,23,50,78,9,60,66,66,,1,,,,
8/4/2019,Sunday,29,57,85,9,77,91,91,,1,,,,
8/5/2019,Monday,35,125,98,11,74,94,125,,,1,,,
8/6/2019,Tuesday,36,139,102,12,83,106,139,,,1,,,
8/7/2019,Wednesday,29,101,86,11,79,93,101,,,1,,,
8/8/2019,Thursday,32,76,74,11,77,99,99,,1,,,,
8/9/2019,Friday,26,55,62,10,73,87,87,,1,,,,
8/10/2019,Saturday,25,67,65,9,66,79,79,,1,,,,
8/11/2019,Sunday,35,56,78,12,74,90,90,,1,,,,
8/12/2019,Monday,26,82,83,9,77,86,86,,1,,,,
8/13/2019,Tuesday,25,99,79,10,59,76,99,,1,,,,
8/14/2019,Wednesday,21,77,65,11,61,69,77,,1,,,,
8/15/2019,Thursday,22,79,80,9,65,77,79,,1,,,,
8/16/2019,Friday,37,88,89,11,62,79,88,,1,,,,
8/17/2019,Saturday,34,88,80,10,51,63,88,,1,,,,
8/18/2019,Sunday,34,59,90,13,53,63,63,,1,,,,
8/19/2019,Monday,37,58,88,12,55,66,66,,1,,,,
8/20/2019,Tuesday,38,83,87,13,60,80,83,,1,,,,
8/21/2019,Wednesday,37,94,88,11,62,80,94,,1,,,,
8/22/2019,Thursday,29,95,92,10,62,81,95,,1,,,,
8/23/2019,Friday,33,75,82,10,58,71,75,,1,,,,
8/24/2019,Saturday,31,56,75,10,53,67,67,,1,,,,
8/25/2019,Sunday,35,62,91,11,57,72,72,,1,,,,
8/26/2019,Monday,34,79,87,13,64,80,80,,1,,,,
8/27/2019,Tuesday,37,56,88,13,63,83,83,,1,,,,
8/28/2019,Wednesday,35,46,81,13,61,75,75,,1,,,,
8/29/2019,Thursday,28,50,84,11,76,83,83,,1,,,,
8/30/2019,Friday,25,74,79,12,64,80,80,,1,,,,
8/31/2019,Saturday,25,71,68,7,54,70,71,,1,,,,
9/1/2019,Sunday,21,42,64,10,56,64,64,,1,,,,
9/2/2019,Monday,25,43,68,12,58,75,75,,1,,,,
9/3/2019,Tuesday,39,49,88,12,65,84,84,,1,,,,
9/4/2019,Wednesday,22,57,65,9,75,84,84,,1,,,,
9/5/2019,Thursday,32,43,68,14,57,74,74,,1,,,,
9/6/2019,Friday,31,51,71,12,55,75,75,,1,,,,
9/7/2019,Saturday,33,53,75,11,53,70,70,,1,,,,
9/8/2019,Sunday,37,43,76,10,63,78,78,,1,,,,
9/9/2019,Monday,25,58,58,8,84,77,84,,1,,,,
9/10/2019,Tuesday,20,48,50,10,53,54,54,,1,,,,
9/11/2019,Wednesday,24,39,51,11,44,51,51,,1,,,,
9/12/2019,Thursday,22,39,53,8,57,62,62,,1,,,,
9/13/2019,Friday,24,37,55,13,57,58,58,,1,,,,
9/14/2019,Saturday,24,40,61,10,55,58,58,,1,,,,
9/15/2019,Sunday,28,41,71,11,58,66,66,,1,,,,
9/16/2019,Monday,34,40,76,12,60,68,68,,1,,,,
9/17/2019,Tuesday,32,41,73,11,59,66,66,,1,,,,
9/18/2019,Wednesday,40,39,82,14,65,81,81,,1,,,,
9/19/2019,Thursday,45,43,85,14,69,91,91,,1,,,,
9/20/2019,Friday,41,43,84,12,67,89,89,,1,,,,
9/21/2019,Saturday,41,55,95,12,66,90,90,,1,,,,
9/22/2019,Sunday,42,28,82,12,75,100,100,,1,,,,
9/23/2019,Monday,36,23,67,12,137,121,137,,,1,,,
9/24/2019,Tuesday,42,31,80,15,88,104,104,,,1,,,
9/25/2019,Wednesday,46,29,77,13,68,85,85,,1,,,,
9/26/2019,Thursday,48,29,81,11,58,69,69,,1,,,,
9/27/2019,Friday,51,25,77,15,77,100,100,,1,,,,
9/28/2019,Saturday,39,42,91,13,70,92,92,,1,,,,
9/29/2019,Sunday,35,30,86,13,88,94,94,,1,,,,
9/30/2019,Monday,37,25,84,16,86,111,111,,,1,,,
10/1/2019,Tuesday,30,31,73,13,69,82,82,,1,,,,
10/2/2019,Wednesday,42,38,90,17,71,98,98,,1,,,,
10/3/2019,Thursday,29,42,68,16,70,85,85,,1,,,,
10/4/2019,Friday,41,36,88,17,70,99,99,,1,,,,
10/5/2019,Saturday,29,44,71,13,64,84,84,,1,,,,
10/6/2019,Sunday,29,34,75,13,57,76,76,,1,,,,
10/7/2019,Monday,39,27,75,18,68,80,80,,1,,,,
10/8/2019,Tuesday,37,26,69,15,78,90,90,,1,,,,
10/9/2019,Wednesday,42,28,78,16,64,86,86,,1,,,,
10/10/2019,Thursday,35,26,80,17,67,87,87,,1,,,,
10/11/2019,Friday,40,30,68,13,62,79,79,,1,,,,
10/12/2019,Saturday,39,31,68,16,60,78,78,,1,,,,
10/13/2019,Sunday,38,29,71,17,71,85,85,,1,,,,
10/14/2019,Monday,25,16,54,14,69,72,72,,1,,,,
10/15/2019,Tuesday,27,26,61,15,64,73,73,,1,,,,
10/16/2019,Wednesday,34,35,75,14,65,82,82,,1,,,,
10/17/2019,Thursday,37,33,76,14,65,81,81,,1,,,,
10/18/2019,Friday,35,35,74,14,64,78,78,,1,,,,
10/19/2019,Saturday,34,39,66,13,57,70,70,,1,,,,
10/20/2019,Sunday,38,37,79,15,63,87,87,,1,,,,
10/21/2019,Monday,21,19,69,12,60,83,83,,1,,,,
10/22/2019,Tuesday,23,28,54,12,49,73,73,,1,,,,
10/23/2019,Wednesday,30,7,56,9,37,67,67,,1,,,,
10/24/2019,Thursday,30,9,67,10,53,97,97,,1,,,,
10/25/2019,Friday,22,23,62,9,43,84,84,,1,,,,
10/26/2019,Saturday,24,14,46,10,47,93,93,,1,,,,
10/27/2019,Sunday,28,11,59,10,48,84,84,,1,,,,
10/28/2019,Monday,20,21,45,11,43,80,80,,1,,,,
10/29/2019,Tuesday,22,13,46,9,30,54,54,,1,,,,
10/30/2019,Wednesday,43,22,72,14,54,89,89,,1,,,,
10/31/2019,Thursday,33,20,70,11,44,68,68,,1,,,,
11/1/2019,Friday,24,20,57,11,46,76,76,,1,,,,
11/2/2019,Saturday,32,26,60,13,48,86,86,,1,,,,
11/3/2019,Sunday,40,24,81,15,59,88,88,,1,,,,
11/4/2019,Monday,32,17,62,13,53,73,73,,1,,,,
11/5/2019,Tuesday,33,17,63,15,59,88,88,,1,,,,
11/6/2019,Wednesday,35,18,76,18,74,122,122,,,1,,,
11/7/2019,Thursday,34,25,71,17,72,123,123,,,1,,,
11/8/2019,Friday,33,27,75,15,74,125,125,,,1,,,
11/9/2019,Saturday,36,29,80,15,64,109,109,,,1,,,
11/10/2019,Sunday,37,20,87,18,67,101,101,,,1,,,
11/11/2019,Monday,39,21,85,15,73,111,111,,,1,,,
11/12/2019,Tuesday,52,19,98,18,82,133,133,,,1,,,
11/13/2019,Wednesday,58,17,100,17,82,131,131,,,1,,,
11/14/2019,Thursday,45,16,91,22,95,144,144,,,1,,,
11/15/2019,Friday,29,17,82,17,79,134,134,,,1,,,
11/16/2019,Saturday,16,21,44,9,51,57,57,,1,,,,
11/17/2019,Sunday,26,8,52,10,36,69,69,,1,,,,
11/18/2019,Monday,21,11,53,9,43,77,77,,1,,,,
11/19/2019,Tuesday,26,4,54,15,53,108,108,,,1,,,
11/20/2019,Wednesday,27,6,57,12,42,84,84,,1,,,,
11/21/2019,Thursday,33,5,77,11,49,90,90,,1,,,,
11/22/2019,Friday,33,13,70,14,56,97,97,,1,,,,
11/23/2019,Saturday,24,12,53,15,57,111,111,,,1,,,
11/24/2019,Sunday,27,8,58,15,63,112,112,,,1,,,
11/25/2019,Monday,21,7,50,15,56,108,108,,,1,,,
11/26/2019,Tuesday,21,8,58,14,60,106,106,,,1,,,
11/27/2019,Wednesday,29,10,68,16,71,129,129,,,1,,,
11/28/2019,Thursday,29,9,76,25,89,150,150,,,1,,,
11/29/2019,Friday,23,8,80,15,91,156,156,,,,1,,
11/30/2019,Saturday,33,11,73,18,76,143,143,,,1,,,
12/1/2019,Sunday,32,16,76,16,54,95,95,,1,,,,
12/2/2019,Monday,40,10,81,22,74,136,136,,,1,,,
12/3/2019,Tuesday,30,5,89,19,74,139,139,,,1,,,
12/4/2019,Wednesday,28,5,68,6,36,69,69,,1,,,,
12/5/2019,Thursday,34,10,71,14,56,95,95,,1,,,,
12/6/2019,Friday,37,9,80,16,68,123,123,,,1,,,
12/7/2019,Saturday,23,13,59,13,43,78,78,,1,,,,
12/8/2019,Sunday,24,15,57,10,38,71,71,,1,,,,
12/9/2019,Monday,33,14,58,11,29,55,55,,1,,,,
12/10/2019,Tuesday,32,16,74,14,39,66,66,,1,,,,
12/11/2019,Wednesday,36,12,73,15,58,94,94,,1,,,,
12/12/2019,Thursday,29,10,67,16,44,76,76,,1,,,,
12/13/2019,Friday,33,11,65,15,58,106,106,,,1,,,
12/14/2019,Saturday,32,10,72,14,61,122,122,,,1,,,
12/15/2019,Sunday,38,8,82,23,79,145,145,,,1,,,
12/16/2019,Monday,40,9,91,12,92,157,157,,,,1,,
12/17/2019,Tuesday,28,12,81,20,88,153,153,,,,1,,
12/18/2019,Wednesday,28,8,68,13,44,82,82,,1,,,,
12/19/2019,Thursday,39,9,81,16,54,95,95,,1,,,,
12/20/2019,Friday,48,9,94,16,63,109,109,,,1,,,
12/21/2019,Saturday,40,9,99,17,64,112,112,,,1,,,
12/22/2019,Sunday,49,8,95,27,79,139,139,,,1,,,
12/23/2019,Monday,48,9,95,30,85,147,147,,,1,,,
12/24/2019,Tuesday,46,9,100,20,80,141,141,,,1,,,
12/25/2019,Wednesday,59,10,108,27,93,148,148,,,1,,,
12/26/2019,Thursday,46,10,103,28,96,156,156,,,,1,,
12/27/2019,Friday,54,11,96,20,78,130,130,,,1,,,
12/28/2019,Saturday,28,19,96,18,62,110,110,,,1,,,
12/29/2019,Sunday,29,14,70,11,45,61,61,,1,,,,
12/30/2019,Monday,32,14,82,14,62,80,80,,1,,,,
12/31/2019,Tuesday,31,13,76,21,59,86,86,,1,,,,
1/1/2020,Wednesday,31,8,68,16,60,102,102,,,1,,,
1/2/2020,Thursday,23,8,69,13,54,89,89,,1,,,,
1/3/2020,Friday,34,12,73,20,55,95,95,,1,,,,
1/4/2020,Saturday,23,14,61,21,57,103,103,,,1,,,
1/5/2020,Sunday,20,15,56,10,36,69,69,,1,,,,
1/6/2020,Monday,26,17,67,12,42,69,69,,1,,,,
1/7/2020,Tuesday,32,14,82,16,57,100,100,,1,,,,
1/8/2020,Wednesday,34,11,83,21,63,108,108,,,1,,,
1/9/2020,Thursday,25,12,76,15,61,108,108,,,1,,,
1/10/2020,Friday,27,16,72,8,42,67,67,,1,,,,
1/11/2020,Saturday,31,15,69,15,54,94,94,,1,,,,
1/12/2020,Sunday,25,11,62,14,45,71,71,,1,,,,
1/13/2020,Monday,34,8,77,23,60,93,93,,1,,,,
1/14/2020,Tuesday,23,8,67,21,57,99,99,,1,,,,
1/15/2020,Wednesday,32,10,76,17,63,107,107,,,1,,,
1/16/2020,Thursday,32,12,77,19,59,103,103,,,1,,,
1/17/2020,Friday,25,9,66,21,64,119,119,,,1,,,
1/18/2020,Saturday,27,10,56,12,43,79,79,,1,,,,
1/19/2020,Sunday,28,5,60,10,52,107,107,,,1,,,
1/20/2020,Monday,28,5,66,10,40,87,87,,1,,,,
1/21/2020,Tuesday,33,8,82,15,64,118,118,,,1,,,
1/22/2020,Wednesday,21,10,58,18,63,115,115,,,1,,,
1/23/2020,Thursday,24,15,56,12,36,68,68,,1,,,,
1/24/2020,Friday,22,13,56,11,44,71,71,,1,,,,
1/25/2020,Saturday,31,18,73,18,62,94,94,,1,,,,
1/26/2020,Sunday,26,14,70,19,55,86,86,,1,,,,
1/27/2020,Monday,38,13,86,16,77,118,118,,,1,,,
1/28/2020,Tuesday,32,16,82,17,67,107,107,,,1,,,
1/29/2020,Wednesday,36,14,92,24,79,133,133,,,1,,,
1/30/2020,Thursday,33,10,93,25,84,147,147,,,1,,,
1/31/2020,Friday,27,18,69,18,62,93,93,,1,,,,
2/1/2020,Saturday,37,16,74,17,55,74,74,,1,,,,
2/2/2020,Sunday,19,27,43,14,41,45,45,1,,,,,
2/3/2020,Monday,28,20,62,13,40,62,62,,1,,,,
2/4/2020,Tuesday,41,14,95,19,64,102,102,,,1,,,
2/5/2020,Wednesday,20,23,85,16,42,63,63,,1,,,,
2/6/2020,Thursday,30,21,62,18,43,63,63,,1,,,,
2/7/2020,Friday,35,19,74,17,52,70,70,,1,,,,
2/8/2020,Saturday,35,24,72,15,59,73,73,,1,,,,
2/9/2020,Sunday,17,28,46,12,51,60,60,,1,,,,
2/10/2020,Monday,17,26,41,9,69,67,69,,1,,,,
2/11/2020,Tuesday,20,22,42,8,27,44,44,1,,,,,
2/12/2020,Wednesday,24,25,49,11,32,52,52,,1,,,,
2/13/2020,Thursday,25,22,54,15,46,65,65,,1,,,,
2/14/2020,Friday,24,18,64,15,45,64,64,,1,,,,
2/15/2020,Saturday,24,29,51,10,43,51,51,,1,,,,
2/16/2020,Sunday,22,19,53,14,59,55,59,,1,,,,
2/17/2020,Monday,22,13,63,17,63,74,74,,1,,,,
2/18/2020,Tuesday,38,11,82,16,71,109,109,,,1,,,
2/19/2020,Wednesday,32,18,82,21,81,121,121,,,1,,,
2/20/2020,Thursday,26,12,59,14,59,80,80,,1,,,,
2/21/2020,Friday,32,7,62,11,41,81,81,,1,,,,
2/22/2020,Saturday,31,23,74,13,51,89,89,,1,,,,
2/23/2020,Sunday,33,26,73,14,56,98,98,,1,,,,
2/24/2020,Monday,36,30,77,11,58,79,79,,1,,,,
2/25/2020,Tuesday,22,20,58,11,50,80,80,,1,,,,
2/26/2020,Wednesday,26,9,49,8,12,30,30,1,,,,,
2/27/2020,Thursday,27,10,64,11,44,71,71,,1,,,,
2/28/2020,Friday,36,19,80,15,74,116,116,,,1,,,
2/29/2020,Saturday,34,29,85,17,69,121,121,,,1,,,
3/1/2020,Sunday,29,31,86,21,81,136,136,,,1,,,
3/2/2020,Monday,19,29,62,14,59,82,82,,1,,,,
3/3/2020,Tuesday,18,30,43,8,24,43,43,1,,,,,
3/4/2020,Wednesday,29,21,70,13,42,61,61,,1,,,,
3/5/2020,Thursday,29,24,75,14,49,81,81,,1,,,,
3/6/2020,Friday,31,35,75,24,64,108,108,,,1,,,
3/7/2020,Saturday,29,44,85,13,58,100,100,,1,,,,
3/8/2020,Sunday,19,23,55,16,45,60,60,,1,,,,
3/9/2020,Monday,25,28,63,15,51,70,70,,1,,,,
3/10/2020,Tuesday,28,26,71,14,50,72,72,,1,,,,
3/11/2020,Wednesday,31,26,73,13,48,66,66,,1,,,,
3/12/2020,Thursday,35,32,94,25,69,110,110,,,1,,,
3/13/2020,Friday,28,31,79,14,59,86,86,,1,,,,
3/14/2020,Saturday,19,45,63,18,52,73,73,,1,,,,
3/15/2020,Sunday,21,25,58,11,59,63,63,,1,,,,
3/16/2020,Monday,23,31,58,13,56,80,80,,1,,,,
3/17/2020,Tuesday,20,35,57,9,42,64,64,,1,,,,
3/18/2020,Wednesday,19,34,51,12,49,73,73,,1,,,,
3/19/2020,Thursday,19,27,41,19,53,68,68,,1,,,,
3/20/2020,Friday,24,34,51,10,40,62,62,,1,,,,
3/21/2020,Saturday,22,40,47,8,26,44,47,1,,,,,
3/22/2020,Sunday,14,39,34,8,32,50,50,1,,,,,
3/23/2020,Monday,16,30,34,13,23,48,48,1,,,,,
3/24/2020,Tuesday,19,27,39,8,17,37,39,1,,,,,
3/25/2020,Wednesday,19,31,39,16,26,57,57,,1,,,,
3/26/2020,Thursday,17,37,38,17,32,70,70,,1,,,,
3/27/2020,Friday,16,33,37,15,25,49,49,1,,,,,
3/28/2020,Saturday,22,38,49,13,36,61,61,,1,,,,
3/29/2020,Sunday,15,39,36,11,32,49,49,1,,,,,
3/30/2020,Monday,24,24,45,9,27,58,58,,1,,,,
3/31/2020,Tuesday,14,41,28,6,15,32,41,1,,,,,
4/1/2020,Wednesday,18,39,38,11,17,36,39,1,,,,,
4/2/2020,Thursday,18,38,34,12,24,49,49,1,,,,,
4/3/2020,Friday,27,36,51,11,62,84,84,,1,,,,
4/4/2020,Saturday,23,41,49,10,47,66,66,,1,,,,
4/5/2020,Sunday,15,35,38,8,27,48,48,1,,,,,
4/6/2020,Monday,22,36,47,14,30,46,47,1,,,,,
4/7/2020,Tuesday,25,35,71,18,51,77,77,,1,,,,
4/8/2020,Wednesday,25,20,47,9,20,48,48,1,,,,,
4/9/2020,Thursday,19,24,39,8,20,48,48,1,,,,,
4/10/2020,Friday,23,11,42,9,16,44,44,1,,,,,
4/11/2020,Saturday,23,11,43,9,29,67,67,,1,,,,
4/12/2020,Sunday,27,27,63,11,37,63,63,,1,,,,
4/13/2020,Monday,17,41,55,10,25,43,55,,1,,,,
4/14/2020,Tuesday,17,35,44,17,34,56,56,,1,,,,
4/15/2020,Wednesday,20,40,56,15,44,74,74,,1,,,,
4/16/2020,Thursday,23,42,62,16,46,78,78,,1,,,,
4/17/2020,Friday,23,50,64,12,41,64,64,,1,,,,
4/18/2020,Saturday,26,49,63,15,29,48,63,,1,,,,
4/19/2020,Sunday,22,46,64,17,31,59,64,,1,,,,
4/20/2020,Monday,25,51,72,11,41,67,72,,1,,,,
4/21/2020,Tuesday,23,77,72,19,45,72,77,,1,,,,
4/22/2020,Wednesday,28,45,69,14,45,62,69,,1,,,,
4/23/2020,Thursday,24,37,53,18,57,74,74,,1,,,,
4/24/2020,Friday,22,32,49,14,42,64,64,,1,,,,
4/25/2020,Saturday,31,38,66,18,65,79,79,,1,,,,
4/26/2020,Sunday,22,32,54,18,62,81,81,,1,,,,
4/27/2020,Monday,24,17,51,10,52,74,74,,1,,,,
4/28/2020,Tuesday,22,38,59,13,35,52,59,,1,,,,
4/29/2020,Wednesday,22,35,58,11,30,51,58,,1,,,,
4/30/2020,Thursday,17,40,46,12,36,55,55,,1,,,,
5/1/2020,Friday,25,34,55,14,33,56,56,,1,,,,
5/2/2020,Saturday,29,40,64,12,37,58,64,,1,,,,
5/3/2020,Sunday,17,36,49,10,37,53,53,,1,,,,
5/4/2020,Monday,30,32,70,15,45,69,70,,1,,,,
5/5/2020,Tuesday,28,39,62,14,47,61,62,,1,,,,
5/6/2020,Wednesday,24,43,60,15,76,88,88,,1,,,,
5/7/2020,Thursday,17,34,45,10,79,89,89,,1,,,,
5/8/2020,Friday,14,39,36,7,28,43,43,1,,,,,
5/9/2020,Saturday,25,48,60,12,37,57,60,,1,,,,
5/10/2020,Sunday,17,84,65,14,43,60,84,,1,,,,
5/11/2020,Monday,17,41,50,13,84,91,91,,1,,,,
5/12/2020,Tuesday,17,41,49,9,57,64,64,,1,,,,
5/13/2020,Wednesday,19,34,49,13,45,52,52,,1,,,,
5/14/2020,Thursday,23,40,63,22,41,59,63,,1,,,,
5/15/2020,Friday,19,55,50,20,42,58,58,,1,,,,
5/16/2020,Saturday,23,83,65,16,44,68,83,,1,,,,
5/17/2020,Sunday,29,56,71,26,55,79,79,,1,,,,
5/18/2020,Monday,21,74,56,21,57,80,80,,1,,,,
5/19/2020,Tuesday,28,63,74,24,72,98,98,,1,,,,
5/20/2020,Wednesday,16,44,45,12,47,70,70,,1,,,,
5/21/2020,Thursday,23,31,61,17,44,78,78,,1,,,,
5/22/2020,Friday,32,149,95,17,65,130,149,,,1,,,
5/23/2020,Saturday,26,150,85,19,57,90,150,,,1,,,
5/24/2020,Sunday,22,46,62,17,53,75,75,,1,,,,
5/25/2020,Monday,14,59,47,12,53,70,70,,1,,,,
5/26/2020,Tuesday,19,49,58,15,55,73,73,,1,,,,
5/27/2020,Wednesday,21,51,57,15,65,85,85,,1,,,,
5/28/2020,Thursday,18,56,61,16,53,73,73,,1,,,,
5/29/2020,Friday,18,64,59,17,47,68,68,,1,,,,
5/30/2020,Saturday,26,59,75,13,47,66,75,,1,,,,
5/31/2020,Sunday,26,54,71,14,57,75,75,,1,,,,
6/1/2020,Monday,33,43,84,22,52,75,84,,1,,,,
6/2/2020,Tuesday,32,48,83,26,43,61,83,,1,,,,
6/3/2020,Wednesday,24,40,64,17,65,88,88,,1,,,,
6/4/2020,Thursday,19,55,48,12,57,76,76,,1,,,,
6/5/2020,Friday,28,55,64,12,49,70,70,,1,,,,
6/6/2020,Saturday,25,43,70,12,46,64,70,,1,,,,
6/7/2020,Sunday,18,47,60,14,62,73,73,,1,,,,
6/8/2020,Monday,18,79,67,17,59,74,79,,1,,,,
6/9/2020,Tuesday,22,105,84,21,70,88,105,,,1,,,
6/10/2020,Wednesday,22,47,74,17,53,73,74,,1,,,,
6/11/2020,Thursday,18,58,70,14,49,67,70,,1,,,,
6/12/2020,Friday,23,92,76,20,48,64,92,,1,,,,
6/13/2020,Saturday,31,62,84,16,52,74,84,,1,,,,
6/14/2020,Sunday,31,79,88,19,53,77,88,,1,,,,
6/15/2020,Monday,25,104,87,19,55,80,104,,,1,,,
6/16/2020,Tuesday,24,113,84,15,63,82,113,,,1,,,
6/17/2020,Wednesday,20,86,60,20,57,76,86,,1,,,,
6/18/2020,Thursday,18,111,78,19,61,82,111,,,1,,,
6/19/2020,Friday,30,63,71,19,60,81,81,,1,,,,
6/20/2020,Saturday,30,56,78,18,61,80,80,,1,,,,
6/21/2020,Sunday,22,68,80,16,61,73,80,,1,,,,
6/22/2020,Monday,19,57,68,14,59,72,72,,1,,,,
6/23/2020,Tuesday,18,84,63,14,58,76,84,,1,,,,
6/24/2020,Wednesday,29,135,97,30,63,101,135,,,1,,,
6/25/2020,Thursday,33,141,94,21,63,95,141,,,1,,,
6/26/2020,Friday,32,113,97,15,70,98,113,,,1,,,
6/27/2020,Saturday,22,132,66,11,72,88,132,,,1,,,
6/28/2020,Sunday,20,110,80,19,71,94,110,,,1,,,
6/29/2020,Monday,24,53,63,18,70,91,91,,1,,,,
6/30/2020,Tuesday,22,85,67,16,72,92,92,,1,,,,
7/1/2020,Wednesday,28,149,96,28,67,104,149,,,1,,,
7/2/2020,Thursday,21,97,73,14,66,90,97,,1,,,,
7/3/2020,Friday,27,116,82,13,89,115,116,,,1,,,
7/4/2020,Saturday,26,105,81,15,80,106,106,,,1,,,
7/5/2020,Sunday,20,139,81,24,78,113,139,,,1,,,
7/6/2020,Monday,17,69,60,17,61,86,86,,1,,,,
7/7/2020,Tuesday,21,77,79,25,57,84,84,,1,,,,
7/8/2020,Wednesday,24,119,89,18,55,82,119,,,1,,,
7/9/2020,Thursday,25,115,90,14,55,83,115,,,1,,,
7/10/2020,Friday,23,131,72,12,58,90,131,,,1,,,
7/11/2020,Saturday,24,133,69,17,56,82,133,,,1,,,
7/12/2020,Sunday,18,54,58,19,59,78,78,,1,,,,
7/13/2020,Monday,18,48,58,14,50,76,76,,1,,,,
7/14/2020,Tuesday,16,73,62,13,60,72,73,,1,,,,
7/15/2020,Wednesday,19,119,82,14,52,76,119,,,1,,,
7/16/2020,Thursday,20,122,69,14,50,77,122,,,1,,,
7/17/2020,Friday,19,122,65,17,51,77,122,,,1,,,
7/18/2020,Saturday,26,129,79,18,46,76,129,,,1,,,
7/19/2020,Sunday,26,161,96,19,49,77,161,,,,1,,
7/20/2020,Monday,31,142,100,24,54,82,142,,,1,,,
7/21/2020,Tuesday,28,114,95,23,53,77,114,,,1,,,
7/22/2020,Wednesday,29,151,95,17,53,78,151,,,,1,,
7/23/2020,Thursday,30,103,92,14,47,69,103,,,1,,,
7/24/2020,Friday,24,118,87,14,58,80,118,,,1,,,
7/25/2020,Saturday,17,88,66,10,56,77,88,,1,,,,
7/26/2020,Sunday,24,104,83,14,58,84,104,,,1,,,
7/27/2020,Monday,28,110,85,15,48,74,110,,,1,,,
7/28/2020,Tuesday,24,81,92,17,52,74,92,,1,,,,
7/29/2020,Wednesday,30,90,92,16,56,81,92,,1,,,,
7/30/2020,Thursday,33,80,96,17,58,83,96,,1,,,,
7/31/2020,Friday,20,129,64,11,69,83,129,,,1,,,
8/1/2020,Saturday,15,87,53,14,43,63,87,,1,,,,
8/2/2020,Sunday,22,67,65,15,50,70,70,,1,,,,
8/3/2020,Monday,29,81,93,17,55,81,93,,1,,,,
8/4/2020,Tuesday,20,121,70,12,56,74,121,,,1,,,
8/5/2020,Wednesday,19,81,63,13,56,72,81,,1,,,,
8/6/2020,Thursday,23,44,71,14,70,81,81,,1,,,,
8/7/2020,Friday,18,76,57,10,62,73,76,,1,,,,
8/8/2020,Saturday,18,113,60,13,58,70,113,,,1,,,
8/9/2020,Sunday,20,106,70,18,55,72,106,,,1,,,
8/10/2020,Monday,30,66,81,19,57,74,81,,1,,,,
8/11/2020,Tuesday,35,102,89,25,64,82,102,,,1,,,
8/12/2020,Wednesday,29,108,89,26,65,85,108,,,1,,,
8/13/2020,Thursday,34,76,87,19,70,91,91,,1,,,,
8/14/2020,Friday,35,128,89,17,68,91,128,,,1,,,
8/15/2020,Saturday,32,126,84,15,67,89,126,,,1,,,
8/16/2020,Sunday,21,115,70,13,77,86,115,,,1,,,
8/17/2020,Monday,26,96,85,16,72,91,96,,1,,,,
8/18/2020,Tuesday,19,72,67,18,67,79,79,,1,,,,
8/19/2020,Wednesday,25,46,70,26,59,74,74,,1,,,,
8/20/2020,Thursday,33,46,75,24,65,83,83,,1,,,,
8/21/2020,Friday,32,75,88,33,60,84,88,,1,,,,
8/22/2020,Saturday,31,67,72,28,63,81,81,,1,,,,
8/23/2020,Sunday,29,98,91,27,61,82,98,,1,,,,
8/24/2020,Monday,23,50,73,14,80,82,82,,1,,,,
8/25/2020,Tuesday,18,42,65,25,78,78,78,,1,,,,
8/26/2020,Wednesday,21,42,67,40,59,71,71,,1,,,,
8/27/2020,Thursday,22,65,81,53,55,75,81,,1,,,,
8/28/2020,Friday,27,56,75,42,51,73,75,,1,,,,
8/29/2020,Saturday,32,72,85,50,50,73,85,,1,,,,
8/30/2020,Sunday,27,114,77,70,54,79,114,,,1,,,
8/31/2020,Monday,22,87,70,66,50,74,87,,1,,,,
9/1/2020,Tuesday,20,68,71,70,54,76,76,,1,,,,
9/2/2020,Wednesday,27,60,85,76,55,81,85,,1,,,,
9/3/2020,Thursday,33,65,87,30,58,85,87,,1,,,,
9/4/2020,Friday,31,69,83,28,51,75,83,,1,,,,
9/5/2020,Saturday,29,45,73,22,45,63,73,,1,,,,
9/6/2020,Sunday,32,40,81,19,53,76,81,,1,,,,
9/7/2020,Monday,38,60,94,26,59,79,94,,1,,,,
9/8/2020,Tuesday,23,82,79,19,62,80,82,,1,,,,
9/9/2020,Wednesday,35,79,88,23,68,97,97,,1,,,,
9/10/2020,Thursday,33,48,81,20,68,97,97,,1,,,,
9/11/2020,Friday,26,73,79,35,71,104,104,,,1,,,
9/12/2020,Saturday,28,55,72,28,63,86,86,,1,,,,
9/13/2020,Sunday,27,70,75,23,57,79,79,,1,,,,
9/14/2020,Monday,25,62,78,21,61,85,85,,1,,,,
9/15/2020,Tuesday,31,43,72,19,62,81,81,,1,,,,
9/16/2020,Wednesday,25,69,81,24,64,90,90,,1,,,,
9/17/2020,Thursday,34,51,79,32,61,87,87,,1,,,,
9/18/2020,Friday,33,42,69,30,56,84,84,,1,,,,
9/19/2020,Saturday,33,42,73,29,55,80,80,,1,,,,
9/20/2020,Sunday,32,102,81,28,63,89,102,,,1,,,
9/21/2020,Monday,31,40,71,21,60,84,84,,1,,,,
9/22/2020,Tuesday,32,37,74,25,64,93,93,,1,,,,
9/23/2020,Wednesday,28,47,74,30,64,92,92,,1,,,,
9/24/2020,Thursday,29,33,61,17,61,81,81,,1,,,,
9/25/2020,Friday,39,34,66,21,62,82,82,,1,,,,
9/26/2020,Saturday,37,36,74,30,62,83,83,,1,,,,
9/27/2020,Sunday,41,41,87,25,68,100,100,,1,,,,
9/28/2020,Monday,23,34,60,20,68,93,93,,1,,,,
9/29/2020,Tuesday,21,32,43,22,76,81,81,,1,,,,
9/30/2020,Wednesday,17,29,48,20,51,67,67,,1,,,,
10/1/2020,Thursday,24,26,57,25,53,71,71,,1,,,,
10/2/2020,Friday,38,35,75,26,63,88,88,,1,,,,
10/3/2020,Saturday,33,57,63,23,64,88,88,,1,,,,
10/4/2020,Sunday,19,27,52,20,61,77,77,,1,,,,
10/5/2020,Monday,19,27,52,16,67,78,78,,1,,,,
10/6/2020,Tuesday,25,26,52,16,39,60,60,,1,,,,
10/7/2020,Wednesday,18,28,54,17,48,67,67,,1,,,,
10/8/2020,Thursday,20,22,48,19,41,66,66,,1,,,,
10/9/2020,Friday,19,25,54,14,31,62,62,,1,,,,
10/10/2020,Saturday,28,13,51,12,32,63,63,,1,,,,
10/11/2020,Sunday,30,23,70,18,58,110,110,,,1,,,
10/12/2020,Monday,33,55,84,21,64,115,115,,,1,,,
10/13/2020,Tuesday,37,54,90,23,67,118,118,,,1,,,
10/14/2020,Wednesday,37,57,93,26,70,120,120,,,1,,,
10/15/2020,Thursday,45,53,91,22,69,115,115,,,1,,,
10/16/2020,Friday,42,55,93,27,69,123,123,,,1,,,
10/17/2020,Saturday,36,72,97,31,67,126,126,,,1,,,
10/18/2020,Sunday,35,69,95,29,62,105,105,,,1,,,
10/19/2020,Monday,39,55,83,24,59,89,89,,1,,,,
10/20/2020,Tuesday,45,54,91,22,62,95,95,,1,,,,
10/21/2020,Wednesday,42,54,95,27,65,104,104,,,1,,,
10/22/2020,Thursday,39,55,90,30,65,98,98,,1,,,,
10/23/2020,Friday,39,55,83,20,63,101,101,,,1,,,
10/24/2020,Saturday,34,56,85,28,63,101,101,,,1,,,
10/25/2020,Sunday,37,54,81,24,63,96,96,,1,,,,
10/26/2020,Monday,37,66,93,28,69,113,113,,,1,,,
10/27/2020,Tuesday,40,55,94,31,68,107,107,,,1,,,
10/28/2020,Wednesday,34,54,94,29,74,110,110,,,1,,,
10/29/2020,Thursday,44,53,80,34,63,91,91,,1,,,,
10/30/2020,Friday,40,56,70,23,60,87,87,,1,,,,
10/31/2020,Saturday,44,55,85,20,62,98,98,,1,,,,
11/1/2020,Sunday,43,60,99,27,73,124,124,,,1,,,
11/2/2020,Monday,53,55,95,31,65,107,107,,,1,,,
11/3/2020,Tuesday,49,54,96,36,80,135,135,,,1,,,
11/4/2020,Wednesday,39,61,97,30,75,125,125,,,1,,,
11/5/2020,Thursday,38,24,86,23,65,97,97,,1,,,,
11/6/2020,Friday,35,23,71,18,63,90,90,,1,,,,
11/7/2020,Saturday,38,20,77,22,61,91,91,,1,,,,
11/8/2020,Sunday,21,25,71,26,56,80,80,,1,,,,
11/9/2020,Monday,31,14,46,21,45,68,68,,1,,,,
11/10/2020,Tuesday,32,14,67,21,66,98,98,,1,,,,
11/11/2020,Wednesday,32,13,76,16,49,99,99,,1,,,,
11/12/2020,Thursday,26,8,65,13,42,81,81,,1,,,,
11/13/2020,Friday,20,8,48,14,37,76,76,,1,,,,
11/14/2020,Saturday,20,8,46,11,22,54,54,,1,,,,
11/15/2020,Sunday,22,12,50,15,39,82,82,,1,,,,
11/16/2020,Monday,24,14,49,17,43,80,80,,1,,,,
11/17/2020,Tuesday,22,11,53,20,43,76,76,,1,,,,
11/18/2020,Wednesday,29,10,63,20,53,104,104,,,1,,,
11/19/2020,Thursday,23,12,56,26,45,89,89,,1,,,,
11/20/2020,Friday,21,15,50,22,35,69,69,,1,,,,
11/21/2020,Saturday,25,14,50,19,30,69,69,,1,,,,
11/22/2020,Sunday,26,6,49,13,27,75,75,,1,,,,
11/23/2020,Monday,24,5,50,45,43,87,87,,1,,,,
11/24/2020,Tuesday,24,6,51,52,55,108,108,,,1,,,
11/25/2020,Wednesday,21,8,53,34,56,115,115,,,1,,,
11/26/2020,Thursday,24,10,53,45,68,131,131,,,1,,,
11/27/2020,Friday,25,8,57,47,68,123,123,,,1,,,
11/28/2020,Saturday,35,9,55,42,49,82,82,,1,,,,
11/29/2020,Sunday,24,5,55,36,47,79,79,,1,,,,
11/30/2020,Monday,30,6,59,15,25,62,62,,1,,,,
12/1/2020,Tuesday,37,9,75,28,60,108,108,,,1,,,
12/2/2020,Wednesday,42,11,87,42,83,143,143,,,1,,,
12/3/2020,Thursday,27,8,96,43,81,146,146,,,1,,,
12/4/2020,Friday,28,5,59,33,58,119,119,,,1,,,
12/5/2020,Saturday,30,12,57,60,60,114,114,,,1,,,
12/6/2020,Sunday,23,18,56,45,49,96,96,,1,,,,
12/7/2020,Monday,24,9,50,13,21,60,60,,1,,,,
12/8/2020,Tuesday,33,8,60,18,35,76,76,,1,,,,
12/9/2020,Wednesday,35,7,70,29,62,114,114,,,1,,,
12/10/2020,Thursday,35,9,75,30,72,133,133,,,1,,,
12/11/2020,Friday,33,7,70,31,68,127,127,,,1,,,
12/12/2020,Saturday,30,11,60,24,54,98,98,,1,,,,
12/13/2020,Sunday,32,9,65,39,66,121,121,,,1,,,
12/14/2020,Monday,31,8,59,52,75,134,134,,,1,,,
12/15/2020,Tuesday,26,10,58,44,72,134,134,,,1,,,
12/16/2020,Wednesday,25,10,70,35,75,136,136,,,1,,,
12/17/2020,Thursday,37,5,74,38,67,134,134,,,1,,,
12/18/2020,Friday,31,6,78,46,75,144,144,,,1,,,
12/19/2020,Saturday,23,10,67,42,62,126,126,,,1,,,
12/20/2020,Sunday,32,8,64,22,54,108,108,,,1,,,
12/21/2020,Monday,30,11,60,39,53,101,101,,,1,,,
12/22/2020,Tuesday,29,13,68,36,64,124,124,,,1,,,
12/23/2020,Wednesday,31,9,75,41,78,146,146,,,1,,,
12/24/2020,Thursday,29,8,68,53,64,131,131,,,1,,,
12/25/2020,Friday,20,15,66,23,39,82,82,,1,,,,
12/26/2020,Saturday,30,14,66,16,29,53,66,,1,,,,
12/27/2020,Sunday,39,9,89,44,68,119,119,,,1,,,
12/28/2020,Monday,43,8,91,63,73,139,139,,,1,,,
12/29/2020,Tuesday,44,7,93,48,76,145,145,,,1,,,
12/30/2020,Wednesday,43,7,98,65,102,167,167,,,,1,,
12/31/2020,Thursday,54,7,103,40,102,168,168,,,,1,,
1/1/2021,Friday,42,9,97,60,90,160,160,,,,1,,
1/2/2021,Saturday,46,11,98,38,83,158,158,,,,1,,
1/3/2021,Sunday,51,8,103,85,87,158,158,,,,1,,
1/4/2021,Monday,42,9,103,38,86,151,151,,,,1,,
1/5/2021,Tuesday,29,9,71,33,57,91,91,,1,,,,
1/6/2021,Wednesday,31,11,69,25,67,115,115,,,1,,,
1/7/2021,Thursday,37,10,88,32,82,144,144,,,1,,,
1/8/2021,Friday,33,9,85,36,87,151,151,,,,1,,
1/9/2021,Saturday,34,13,84,29,79,149,149,,,1,,,
1/10/2021,Sunday,42,11,93,29,86,153,153,,,,1,,
1/11/2021,Monday,51,10,104,38,102,166,166,,,,1,,
1/12/2021,Tuesday,46,8,103,53,107,169,169,,,,1,,
1/13/2021,Wednesday,43,8,100,43,115,174,174,,,,1,,
1/14/2021,Thursday,42,10,98,43,112,169,169,,,,1,,
1/15/2021,Friday,30,12,88,30,93,152,152,,,,1,,
1/16/2021,Saturday,47,13,88,24,72,119,119,,,1,,,
1/17/2021,Sunday,30,18,77,21,62,93,93,,1,,,,
1/18/2021,Monday,32,17,76,19,58,91,91,,1,,,,
1/19/2021,Tuesday,20,62,55,15,45,65,65,,1,,,,
1/20/2021,Wednesday,29,21,72,49,48,68,72,,1,,,,
1/21/2021,Thursday,24,17,60,32,51,78,78,,1,,,,
1/22/2021,Friday,24,16,45,13,29,52,52,,1,,,,
1/23/2021,Saturday,23,16,50,24,46,64,64,,1,,,,
1/24/2021,Sunday,30,16,73,21,51,76,76,,1,,,,
1/25/2021,Monday,38,12,87,27,70,109,109,,,1,,,
1/26/2021,Tuesday,39,10,95,46,88,150,150,,,1,,,
1/27/2021,Wednesday,40,9,93,35,83,141,141,,,1,,,
1/28/2021,Thursday,46,12,95,66,84,139,139,,,1,,,
1/29/2021,Friday,32,11,81,55,87,145,145,,,1,,,
1/30/2021,Saturday,23,13,85,53,60,107,107,,,1,,,
1/31/2021,Sunday,23,21,58,21,34,53,58,,1,,,,
2/1/2021,Monday,32,13,72,26,40,62,72,,1,,,,
2/2/2021,Tuesday,37,18,78,25,55,88,88,,1,,,,
2/3/2021,Wednesday,42,19,94,29,73,131,131,,,1,,,
2/4/2021,Thursday,37,21,94,33,77,136,136,,,1,,,
2/5/2021,Friday,31,50,86,22,71,124,124,,,1,,,
2/6/2021,Saturday,22,19,66,15,49,81,81,,1,,,,
2/7/2021,Sunday,27,16,60,14,34,66,66,,1,,,,
2/8/2021,Monday,39,6,81,17,56,112,112,,,1,,,
2/9/2021,Tuesday,42,17,96,27,73,122,122,,,1,,,
2/10/2021,Wednesday,43,13,96,31,66,99,99,,1,,,,
2/11/2021,Thursday,33,18,74,27,56,85,85,,1,,,,
2/12/2021,Friday,27,53,57,23,44,72,72,,1,,,,
2/13/2021,Saturday,37,23,71,22,47,72,72,,1,,,,
2/14/2021,Sunday,44,22,84,23,59,92,92,,1,,,,
2/15/2021,Monday,39,22,84,28,58,90,90,,1,,,,
2/16/2021,Tuesday,39,51,88,31,61,100,100,,1,,,,
2/17/2021,Wednesday,25,52,78,30,60,92,92,,1,,,,
2/18/2021,Thursday,23,22,68,21,51,67,68,,1,,,,
2/19/2021,Friday,23,33,51,12,31,51,51,,1,,,,
2/20/2021,Saturday,24,28,59,14,30,55,59,,1,,,,
2/21/2021,Sunday,25,25,60,19,37,57,60,,1,,,,
2/22/2021,Monday,26,24,62,16,39,60,62,,1,,,,
2/23/2021,Tuesday,22,27,56,21,41,60,60,,1,,,,
2/24/2021,Wednesday,24,24,55,25,43,60,60,,1,,,,
2/25/2021,Thursday,25,16,55,16,55,69,69,,1,,,,
2/26/2021,Friday,19,22,42,11,72,76,76,,1,,,,
2/27/2021,Saturday,27,24,65,20,64,82,82,,1,,,,
2/28/2021,Sunday,30,28,77,27,73,117,117,,,1,,,
3/1/2021,Monday,31,27,84,30,70,113,113,,,1,,,
3/2/2021,Tuesday,27,30,66,23,59,90,90,,1,,,,
3/3/2021,Wednesday,27,26,62,18,52,73,73,,1,,,,
3/4/2021,Thursday,19,30,49,16,41,64,64,,1,,,,
3/5/2021,Friday,19,51,55,18,44,67,67,,1,,,,
3/6/2021,Saturday,22,32,56,16,30,54,56,,1,,,,
3/7/2021,Sunday,30,25,71,33,50,76,76,,1,,,,
3/8/2021,Monday,29,24,67,29,53,76,76,,1,,,,
3/9/2021,Tuesday,25,53,70,21,54,81,81,,1,,,,
3/10/2021,Wednesday,18,33,45,24,39,63,63,,1,,,,
3/11/2021,Thursday,25,26,51,24,57,83,83,,1,,,,
3/12/2021,Friday,26,18,45,13,50,76,76,,1,,,,
3/13/2021,Saturday,23,13,41,9,18,49,49,1,,,,,
3/14/2021,Sunday,27,16,55,17,52,90,90,,1,,,,
3/15/2021,Monday,24,52,68,24,71,134,134,,,1,,,
3/16/2021,Tuesday,28,16,78,30,80,141,141,,,1,,,
3/17/2021,Wednesday,27,50,81,33,94,153,153,,,,1,,
3/18/2021,Thursday,26,20,51,14,84,119,119,,,1,,,
3/19/2021,Friday,22,27,53,16,65,87,87,,1,,,,
3/20/2021,Saturday,15,31,37,9,26,43,43,1,,,,,
3/21/2021,Sunday,20,37,48,11,27,43,48,1,,,,,
3/22/2021,Monday,25,36,53,13,28,48,53,,1,,,,
3/23/2021,Tuesday,19,53,47,11,53,73,73,,1,,,,
3/24/2021,Wednesday,21,88,41,11,69,89,89,,1,,,,
3/25/2021,Thursday,29,54,50,16,86,112,112,,,1,,,
3/26/2021,Friday,15,61,31,11,100,123,123,,,1,,,
3/27/2021,Saturday,21,57,50,13,83,96,96,,1,,,,
3/28/2021,Sunday,14,54,25,8,74,82,82,,1,,,,
3/29/2021,Monday,19,50,47,12,35,49,50,1,,,,,
3/30/2021,Tuesday,20,52,51,20,50,62,62,,1,,,,
3/31/2021,Wednesday,23,37,54,14,44,55,55,,1,,,,
4/1/2021,Thursday,22,29,58,20,52,68,68,,1,,,,
4/2/2021,Friday,30,22,68,25,59,81,81,,1,,,,
4/3/2021,Saturday,24,55,51,15,60,76,76,,1,,,,
4/4/2021,Sunday,17,51,47,12,47,56,56,,1,,,,
4/5/2021,Monday,26,54,60,17,43,60,60,,1,,,,
4/6/2021,Tuesday,23,52,63,16,45,61,63,,1,,,,
4/7/2021,Wednesday,27,27,57,18,73,94,94,,1,,,,
4/8/2021,Thursday,30,52,70,23,78,108,108,,,1,,,
4/9/2021,Friday,25,57,68,28,78,112,112,,,1,,,
4/10/2021,Saturday,26,53,62,15,68,92,92,,1,,,,
4/11/2021,Sunday,18,53,48,23,72,91,91,,1,,,,
4/12/2021,Monday,19,58,49,15,57,77,77,,1,,,,
4/13/2021,Tuesday,22,81,56,13,56,72,81,,1,,,,
4/14/2021,Wednesday,21,52,56,14,63,77,77,,1,,,,
4/15/2021,Thursday,20,37,52,14,60,78,78,,1,,,,
4/16/2021,Friday,20,77,52,18,42,60,77,,1,,,,
4/17/2021,Saturday,19,54,53,18,43,61,61,,1,,,,
4/18/2021,Sunday,21,61,77,24,59,80,80,,1,,,,
4/19/2021,Monday,26,62,78,18,52,68,78,,1,,,,
4/20/2021,Tuesday,27,60,65,21,66,85,85,,1,,,,
4/21/2021,Wednesday,31,63,78,23,66,91,91,,1,,,,
4/22/2021,Thursday,21,56,58,24,64,87,87,,1,,,,
4/23/2021,Friday,19,56,55,14,67,82,82,,1,,,,
4/24/2021,Saturday,21,57,58,21,66,88,88,,1,,,,
4/25/2021,Sunday,19,52,52,17,51,70,70,,1,,,,
4/26/2021,Monday,21,56,65,17,55,76,76,,1,,,,
4/27/2021,Tuesday,19,56,58,13,59,78,78,,1,,,,
4/28/2021,Wednesday,17,57,52,12,68,87,87,,1,,,,
4/29/2021,Thursday,17,55,51,11,56,77,77,,1,,,,
4/30/2021,Friday,20,55,51,12,46,63,63,,1,,,,
5/1/2021,Saturday,25,81,77,14,46,69,81,,1,,,,
5/2/2021,Sunday,19,66,47,13,46,64,66,,1,,,,
5/3/2021,Monday,20,53,49,13,43,62,62,,1,,,,
5/4/2021,Tuesday,18,56,48,13,37,59,59,,1,,,,
5/5/2021,Wednesday,20,59,62,21,40,66,66,,1,,,,
5/6/2021,Thursday,22,57,64,15,43,64,64,,1,,,,
5/7/2021,Friday,19,54,49,11,45,66,66,,1,,,,
5/8/2021,Saturday,17,53,56,13,42,65,65,,1,,,,
5/9/2021,Sunday,19,58,63,16,50,75,75,,1,,,,
5/10/2021,Monday,24,57,74,16,47,69,74,,1,,,,
5/11/2021,Tuesday,16,63,52,15,47,68,68,,1,,,,
5/12/2021,Wednesday,19,55,52,12,46,69,69,,1,,,,
5/13/2021,Thursday,18,61,51,12,57,77,77,,1,,,,
5/14/2021,Friday,14,88,44,9,49,69,88,,1,,,,
5/15/2021,Saturday,19,58,56,13,39,65,65,,1,,,,
5/16/2021,Sunday,20,57,61,15,40,58,61,,1,,,,
5/17/2021,Monday,23,58,66,14,43,62,66,,1,,,,
5/18/2021,Tuesday,23,62,77,15,54,67,77,,1,,,,
5/19/2021,Wednesday,29,57,65,18,61,75,75,,1,,,,
5/20/2021,Thursday,24,60,57,19,54,67,67,,1,,,,
5/21/2021,Friday,27,55,71,17,48,65,71,,1,,,,
5/22/2021,Saturday,27,61,64,15,43,58,64,,1,,,,
5/23/2021,Sunday,27,56,69,19,47,59,69,,1,,,,
5/24/2021,Monday,20,58,69,16,68,84,84,,1,,,,
5/25/2021,Tuesday,21,55,61,18,62,82,82,,1,,,,
5/26/2021,Wednesday,19,38,56,14,57,74,74,,1,,,,
5/27/2021,Thursday,17,53,53,11,55,75,75,,1,,,,
5/28/2021,Friday,21,72,65,14,44,67,72,,1,,,,
5/29/2021,Saturday,27,99,79,16,44,68,99,,1,,,,
5/30/2021,Sunday,26,57,73,14,41,65,73,,1,,,,
5/31/2021,Monday,32,80,83,20,49,67,83,,1,,,,
6/1/2021,Tuesday,26,59,78,14,45,58,78,,1,,,,
6/2/2021,Wednesday,28,56,85,17,49,61,85,,1,,,,
6/3/2021,Thursday,30,55,76,18,57,75,76,,1,,,,
6/4/2021,Friday,29,102,87,17,59,80,102,,,1,,,
6/5/2021,Saturday,21,60,54,14,42,59,60,,1,,,,
6/6/2021,Sunday,20,52,60,15,57,71,71,,1,,,,
6/7/2021,Monday,23,56,66,16,60,73,73,,1,,,,
6/8/2021,Tuesday,27,61,75,19,61,66,75,,1,,,,
6/9/2021,Wednesday,28,103,87,20,55,69,103,,,1,,,
6/10/2021,Thursday,28,89,88,19,59,73,89,,1,,,,
6/11/2021,Friday,26,78,67,17,55,69,78,,1,,,,
6/12/2021,Saturday,34,80,82,25,52,68,82,,1,,,,
6/13/2021,Sunday,32,137,95,23,69,95,137,,,1,,,
6/14/2021,Monday,27,105,90,19,65,81,105,,,1,,,
6/15/2021,Tuesday,24,91,80,13,70,83,91,,1,,,,
6/16/2021,Wednesday,30,120,93,22,67,94,120,,,1,,,
6/17/2021,Thursday,17,97,69,28,61,82,97,,1,,,,
6/18/2021,Friday,34,111,80,16,66,92,111,,,1,,,
6/19/2021,Saturday,22,75,68,16,61,76,76,,1,,,,
6/20/2021,Sunday,18,56,62,16,60,69,69,,1,,,,
6/21/2021,Monday,27,56,67,15,61,81,81,,1,,,,
6/22/2021,Tuesday,30,83,76,17,65,86,86,,1,,,,
6/23/2021,Wednesday,29,101,90,16,59,77,101,,,1,,,
6/24/2021,Thursday,29,107,88,16,55,72,107,,,1,,,
6/25/2021,Friday,27,92,82,19,54,75,92,,1,,,,
6/26/2021,Saturday,25,100,80,18,54,76,100,,1,,,,
6/27/2021,Sunday,25,92,75,14,56,73,92,,1,,,,
6/28/2021,Monday,20,98,72,11,56,73,98,,1,,,,
6/29/2021,Tuesday,24,71,73,15,54,70,73,,1,,,,
6/30/2021,Wednesday,22,57,63,15,54,70,70,,1,,,,
7/1/2021,Thursday,19,98,64,19,60,82,98,,1,,,,
7/2/2021,Friday,19,88,57,15,55,80,88,,1,,,,
7/3/2021,Saturday,26,65,71,16,56,80,80,,1,,,,
7/4/2021,Sunday,28,75,77,22,62,93,93,,1,,,,
7/5/2021,Monday,31,68,88,18,60,86,88,,1,,,,
7/6/2021,Tuesday,40,64,94,16,63,90,94,,1,,,,
7/7/2021,Wednesday,36,98,99,17,66,99,99,,1,,,,
7/8/2021,Thursday,34,123,89,27,65,97,123,,,1,,,
7/9/2021,Friday,28,162,83,14,88,113,162,,,,1,,
7/10/2021,Saturday,23,128,67,13,104,116,128,,,1,,,
7/11/2021,Sunday,27,73,72,17,124,138,138,,,1,,,
7/12/2021,Monday,32,144,96,16,93,124,144,,,1,,,
7/13/2021,Tuesday,26,131,86,16,94,122,131,,,1,,,
7/14/2021,Wednesday,23,94,64,13,100,121,121,,,1,,,
7/15/2021,Thursday,21,77,63,14,96,111,111,,,1,,,
7/16/2021,Friday,19,90,55,12,109,111,111,,,1,,,
7/17/2021,Saturday,20,88,57,17,76,95,95,,1,,,,
7/18/2021,Sunday,23,101,66,17,57,86,101,,,1,,,
7/19/2021,Monday,18,91,63,16,54,80,91,,1,,,,
7/20/2021,Tuesday,31,67,68,19,47,79,79,,1,,,,
7/21/2021,Wednesday,28,132,88,18,50,76,132,,,1,,,
7/22/2021,Thursday,32,116,89,18,46,72,116,,,1,,,
7/23/2021,Friday,31,91,82,17,50,76,91,,1,,,,
7/24/2021,Saturday,36,105,81,18,55,84,105,,,1,,,
7/25/2021,Sunday,29,71,65,20,60,85,85,,1,,,,
7/26/2021,Monday,32,76,74,20,63,86,86,,1,,,,
7/27/2021,Tuesday,30,142,79,16,57,79,142,,,1,,,
7/28/2021,Wednesday,26,66,68,16,58,77,77,,1,,,,
7/29/2021,Thursday,22,63,52,14,94,98,98,,1,,,,
7/30/2021,Friday,19,63,39,14,58,70,70,,1,,,,
7/31/2021,Saturday,19,56,56,15,53,70,70,,1,,,,
8/1/2021,Sunday,20,63,53,14,49,71,71,,1,,,,
8/2/2021,Monday,19,76,53,13,59,73,76,,1,,,,
8/3/2021,Tuesday,19,75,52,17,63,80,80,,1,,,,
8/4/2021,Wednesday,23,69,65,20,49,70,70,,1,,,,
8/5/2021,Thursday,24,81,64,19,50,73,81,,1,,,,
8/6/2021,Friday,22,114,72,21,50,70,114,,,1,,,
8/7/2021,Saturday,23,114,72,20,44,71,114,,,1,,,
8/8/2021,Sunday,31,59,63,16,51,67,67,,1,,,,
8/9/2021,Monday,27,59,67,15,48,66,67,,1,,,,
8/10/2021,Tuesday,25,64,72,14,51,66,72,,1,,,,
